-- phpMyAdmin SQL Dump
-- version 4.2.7.1
-- http://www.phpmyadmin.net
--
-- Host: 127.0.0.1
-- Generation Time: Apr 21, 2015 at 08:03 PM
-- Server version: 5.6.20
-- PHP Version: 5.5.15

SET SQL_MODE = "NO_AUTO_VALUE_ON_ZERO";
SET time_zone = "+00:00";


/*!40101 SET @OLD_CHARACTER_SET_CLIENT=@@CHARACTER_SET_CLIENT */;
/*!40101 SET @OLD_CHARACTER_SET_RESULTS=@@CHARACTER_SET_RESULTS */;
/*!40101 SET @OLD_COLLATION_CONNECTION=@@COLLATION_CONNECTION */;
/*!40101 SET NAMES utf8 */;

--
-- Database: `mrcuong`
--

-- --------------------------------------------------------

--
-- Table structure for table `answers`
--

CREATE TABLE IF NOT EXISTS `answers` (
`id` int(11) NOT NULL,
  `office_id` int(11) NOT NULL,
  `question_id` int(11) NOT NULL,
  `answer` int(11) NOT NULL,
  `time` datetime NOT NULL
) ENGINE=InnoDB  DEFAULT CHARSET=utf8 AUTO_INCREMENT=344 ;

--
-- Dumping data for table `answers`
--

INSERT INTO `answers` (`id`, `office_id`, `question_id`, `answer`, `time`) VALUES
(1, 1, 1, 1, '2015-04-21 00:00:00'),
(2, 1, 1, 1, '2015-04-21 00:00:00'),
(3, 1, 1, 1, '2015-04-21 00:00:00'),
(4, 1, 1, 1, '2015-04-21 00:00:00'),
(5, 1, 1, 1, '2015-04-21 00:00:00'),
(6, 1, 1, 1, '2015-04-21 00:00:00'),
(7, 1, 1, 1, '2015-04-21 00:00:00'),
(8, 1, 1, 1, '2015-04-21 00:00:00'),
(9, 1, 1, 1, '2015-04-21 00:00:00'),
(10, 1, 1, 1, '2015-04-21 00:00:00'),
(11, 1, 1, 1, '2015-04-21 00:00:00'),
(12, 1, 1, 1, '2015-04-21 00:00:00'),
(13, 1, 1, 2, '2015-04-21 00:00:00'),
(14, 1, 1, 2, '2015-04-21 00:00:00'),
(15, 1, 1, 2, '2015-04-21 00:00:00'),
(16, 1, 1, 2, '2015-04-21 00:00:00'),
(17, 1, 1, 2, '2015-04-21 00:00:00'),
(18, 1, 1, 3, '2015-04-21 00:00:00'),
(19, 1, 1, 3, '2015-04-21 00:00:00'),
(20, 1, 1, 4, '2015-04-21 00:00:00'),
(21, 1, 1, 4, '2015-04-21 00:00:00'),
(22, 1, 1, 4, '2015-04-21 00:00:00'),
(23, 1, 1, 4, '2015-04-21 00:00:00'),
(24, 1, 1, 4, '2015-04-21 00:00:00'),
(25, 1, 1, 4, '2015-04-21 00:00:00'),
(26, 1, 1, 4, '2015-04-21 00:00:00'),
(27, 1, 1, 4, '2015-04-21 00:00:00'),
(28, 1, 1, 4, '2015-04-21 00:00:00'),
(29, 1, 1, 4, '2015-04-21 00:00:00'),
(30, 1, 3, 1, '2015-04-21 00:00:00'),
(31, 1, 3, 1, '2015-04-21 00:00:00'),
(32, 1, 3, 1, '2015-04-21 00:00:00'),
(33, 1, 3, 1, '2015-04-21 00:00:00'),
(34, 1, 3, 1, '2015-04-21 00:00:00'),
(35, 1, 3, 1, '2015-04-21 00:00:00'),
(36, 1, 3, 1, '2015-04-21 00:00:00'),
(37, 1, 3, 1, '2015-04-21 00:00:00'),
(38, 1, 3, 1, '2015-04-21 00:00:00'),
(39, 1, 3, 1, '2015-04-21 00:00:00'),
(40, 1, 3, 1, '2015-04-21 00:00:00'),
(41, 1, 3, 1, '2015-04-21 00:00:00'),
(42, 1, 3, 1, '2015-04-21 00:00:00'),
(43, 1, 3, 1, '2015-04-21 00:00:00'),
(44, 1, 3, 1, '2015-04-21 00:00:00'),
(45, 1, 3, 1, '2015-04-21 00:00:00'),
(46, 1, 3, 2, '2015-04-21 00:00:00'),
(47, 1, 3, 2, '2015-04-21 00:00:00'),
(48, 1, 3, 2, '2015-04-21 00:00:00'),
(49, 1, 3, 2, '2015-04-21 00:00:00'),
(50, 1, 3, 2, '2015-04-21 00:00:00'),
(51, 1, 3, 2, '2015-04-21 00:00:00'),
(52, 1, 3, 2, '2015-04-21 00:00:00'),
(53, 1, 3, 2, '2015-04-21 00:00:00'),
(54, 1, 3, 2, '2015-04-21 00:00:00'),
(55, 1, 3, 2, '2015-04-21 00:00:00'),
(56, 1, 3, 2, '2015-04-21 00:00:00'),
(57, 1, 3, 2, '2015-04-21 00:00:00'),
(58, 1, 3, 2, '2015-04-21 00:00:00'),
(59, 1, 3, 2, '2015-04-21 00:00:00'),
(60, 1, 3, 2, '2015-04-21 00:00:00'),
(61, 1, 3, 2, '2015-04-21 00:00:00'),
(62, 1, 3, 2, '2015-04-21 00:00:00'),
(63, 1, 3, 2, '2015-04-21 00:00:00'),
(64, 1, 3, 2, '2015-04-21 00:00:00'),
(65, 1, 3, 2, '2015-04-21 00:00:00'),
(66, 1, 3, 2, '2015-04-21 00:00:00'),
(67, 1, 3, 2, '2015-04-21 00:00:00'),
(68, 1, 3, 2, '2015-04-21 00:00:00'),
(69, 1, 3, 2, '2015-04-21 00:00:00'),
(70, 1, 3, 2, '2015-04-21 00:00:00'),
(71, 1, 3, 2, '2015-04-21 00:00:00'),
(72, 1, 3, 2, '2015-04-21 00:00:00'),
(73, 1, 3, 2, '2015-04-21 00:00:00'),
(74, 1, 3, 2, '2015-04-21 00:00:00'),
(75, 1, 3, 2, '2015-04-21 00:00:00'),
(76, 1, 3, 2, '2015-04-21 00:00:00'),
(77, 1, 3, 2, '2015-04-21 00:00:00'),
(78, 1, 3, 2, '2015-04-21 00:00:00'),
(79, 1, 3, 2, '2015-04-21 00:00:00'),
(80, 1, 3, 2, '2015-04-21 00:00:00'),
(81, 1, 3, 2, '2015-04-21 00:00:00'),
(82, 1, 3, 3, '2015-04-21 00:00:00'),
(83, 1, 3, 3, '2015-04-21 00:00:00'),
(84, 1, 3, 3, '2015-04-21 00:00:00'),
(85, 1, 3, 4, '2015-04-21 00:00:00'),
(86, 1, 3, 4, '2015-04-21 00:00:00'),
(87, 1, 3, 4, '2015-04-21 00:00:00'),
(88, 1, 3, 4, '2015-04-21 00:00:00'),
(89, 1, 3, 4, '2015-04-21 00:00:00'),
(90, 1, 3, 4, '2015-04-21 00:00:00'),
(91, 1, 3, 4, '2015-04-21 00:00:00'),
(92, 1, 3, 4, '2015-04-21 00:00:00'),
(93, 1, 3, 4, '2015-04-21 00:00:00'),
(94, 1, 3, 4, '2015-04-21 00:00:00'),
(95, 1, 3, 4, '2015-04-21 00:00:00'),
(96, 1, 3, 4, '2015-04-21 00:00:00'),
(97, 1, 3, 4, '2015-04-21 00:00:00'),
(98, 1, 3, 4, '2015-04-21 00:00:00'),
(99, 1, 3, 4, '2015-04-21 00:00:00'),
(100, 1, 3, 4, '2015-04-21 00:00:00'),
(101, 1, 3, 4, '2015-04-21 00:00:00'),
(102, 1, 3, 4, '2015-04-21 00:00:00'),
(103, 1, 3, 4, '2015-04-21 00:00:00'),
(104, 1, 3, 4, '2015-04-21 00:00:00'),
(105, 1, 3, 4, '2015-04-21 00:00:00'),
(106, 1, 3, 4, '2015-04-21 00:00:00'),
(107, 1, 3, 4, '2015-04-21 00:00:00'),
(108, 1, 3, 4, '2015-04-21 00:00:00'),
(109, 1, 3, 4, '2015-04-21 00:00:00'),
(110, 1, 3, 4, '2015-04-21 00:00:00'),
(111, 1, 3, 4, '2015-04-21 00:00:00'),
(112, 1, 3, 4, '2015-04-21 00:00:00'),
(113, 1, 3, 4, '2015-04-21 00:00:00'),
(114, 1, 3, 4, '2015-04-21 00:00:00'),
(115, 1, 3, 4, '2015-04-21 00:00:00'),
(117, 1, 3, 1, '2015-04-21 00:00:00'),
(118, 1, 3, 1, '2015-04-21 00:00:00'),
(119, 1, 3, 1, '2015-04-21 00:00:00'),
(120, 1, 3, 1, '2015-04-21 00:00:00'),
(121, 1, 3, 1, '2015-04-21 00:00:00'),
(122, 1, 3, 1, '2015-04-21 00:00:00'),
(123, 1, 3, 1, '2015-04-21 00:00:00'),
(124, 1, 3, 1, '2015-04-21 00:00:00'),
(125, 1, 3, 1, '2015-04-21 00:00:00'),
(126, 1, 3, 1, '2015-04-21 00:00:00'),
(127, 1, 3, 1, '2015-04-21 00:00:00'),
(128, 1, 3, 1, '2015-04-21 00:00:00'),
(129, 1, 3, 1, '2015-04-21 00:00:00'),
(130, 1, 3, 1, '2015-04-21 00:00:00'),
(131, 1, 3, 1, '2015-04-21 00:00:00'),
(132, 1, 3, 2, '2015-04-21 00:00:00'),
(133, 1, 3, 2, '2015-04-21 00:00:00'),
(134, 1, 3, 2, '2015-04-21 00:00:00'),
(135, 1, 3, 2, '2015-04-21 00:00:00'),
(136, 1, 3, 2, '2015-04-21 00:00:00'),
(137, 1, 3, 2, '2015-04-21 00:00:00'),
(138, 1, 3, 2, '2015-04-21 00:00:00'),
(139, 1, 3, 2, '2015-04-21 00:00:00'),
(140, 1, 3, 2, '2015-04-21 00:00:00'),
(141, 1, 3, 2, '2015-04-21 00:00:00'),
(142, 1, 3, 2, '2015-04-21 00:00:00'),
(143, 1, 3, 2, '2015-04-21 00:00:00'),
(144, 1, 3, 2, '2015-04-21 00:00:00'),
(145, 1, 3, 2, '2015-04-21 00:00:00'),
(146, 1, 3, 2, '2015-04-21 00:00:00'),
(147, 1, 3, 2, '2015-04-21 00:00:00'),
(148, 1, 3, 2, '2015-04-21 00:00:00'),
(149, 1, 3, 2, '2015-04-21 00:00:00'),
(150, 1, 3, 2, '2015-04-21 00:00:00'),
(151, 1, 3, 2, '2015-04-21 00:00:00'),
(152, 1, 3, 2, '2015-04-21 00:00:00'),
(153, 1, 3, 2, '2015-04-21 00:00:00'),
(154, 1, 3, 2, '2015-04-21 00:00:00'),
(155, 1, 3, 2, '2015-04-21 00:00:00'),
(156, 1, 3, 2, '2015-04-21 00:00:00'),
(157, 1, 3, 2, '2015-04-21 00:00:00'),
(158, 1, 3, 2, '2015-04-21 00:00:00'),
(159, 1, 3, 2, '2015-04-21 00:00:00'),
(160, 1, 3, 2, '2015-04-21 00:00:00'),
(161, 1, 3, 2, '2015-04-21 00:00:00'),
(162, 1, 3, 2, '2015-04-21 00:00:00'),
(163, 1, 3, 2, '2015-04-21 00:00:00'),
(164, 1, 3, 2, '2015-04-21 00:00:00'),
(165, 1, 3, 2, '2015-04-21 00:00:00'),
(166, 1, 3, 2, '2015-04-21 00:00:00'),
(167, 1, 3, 2, '2015-04-21 00:00:00'),
(168, 1, 3, 3, '2015-04-21 00:00:00'),
(169, 1, 3, 3, '2015-04-21 00:00:00'),
(170, 1, 3, 3, '2015-04-21 00:00:00'),
(171, 1, 3, 4, '2015-04-21 00:00:00'),
(172, 1, 3, 4, '2015-04-21 00:00:00'),
(173, 1, 3, 4, '2015-04-21 00:00:00'),
(174, 1, 3, 4, '2015-04-21 00:00:00'),
(175, 1, 3, 4, '2015-04-21 00:00:00'),
(176, 1, 3, 4, '2015-04-21 00:00:00'),
(177, 1, 3, 4, '2015-04-21 00:00:00'),
(178, 1, 3, 4, '2015-04-21 00:00:00'),
(179, 1, 3, 4, '2015-04-21 00:00:00'),
(180, 1, 3, 4, '2015-04-21 00:00:00'),
(181, 1, 3, 4, '2015-04-21 00:00:00'),
(182, 1, 3, 4, '2015-04-21 00:00:00'),
(183, 1, 3, 4, '2015-04-21 00:00:00'),
(184, 1, 3, 4, '2015-04-21 00:00:00'),
(185, 1, 3, 4, '2015-04-21 00:00:00'),
(186, 1, 3, 4, '2015-04-21 00:00:00'),
(187, 1, 3, 4, '2015-04-21 00:00:00'),
(188, 1, 3, 4, '2015-04-21 00:00:00'),
(189, 1, 3, 4, '2015-04-21 00:00:00'),
(190, 1, 3, 4, '2015-04-21 00:00:00'),
(191, 1, 3, 4, '2015-04-21 00:00:00'),
(192, 1, 3, 4, '2015-04-21 00:00:00'),
(193, 1, 3, 4, '2015-04-21 00:00:00'),
(194, 1, 3, 4, '2015-04-21 00:00:00'),
(195, 1, 3, 4, '2015-04-21 00:00:00'),
(196, 1, 3, 4, '2015-04-21 00:00:00'),
(197, 1, 3, 4, '2015-04-21 00:00:00'),
(198, 1, 3, 4, '2015-04-21 00:00:00'),
(199, 1, 3, 4, '2015-04-21 00:00:00'),
(200, 1, 3, 4, '2015-04-21 00:00:00'),
(201, 1, 3, 4, '2015-04-21 00:00:00'),
(203, 1, 3, 1, '2015-04-21 00:00:00'),
(204, 1, 3, 1, '2015-04-21 00:00:00'),
(205, 1, 3, 1, '2015-04-21 00:00:00'),
(206, 1, 3, 1, '2015-04-21 00:00:00'),
(207, 1, 3, 1, '2015-04-21 00:00:00'),
(208, 1, 3, 1, '2015-04-21 00:00:00'),
(209, 1, 3, 1, '2015-04-21 00:00:00'),
(210, 1, 3, 1, '2015-04-21 00:00:00'),
(211, 1, 3, 2, '2015-04-21 00:00:00'),
(212, 1, 3, 2, '2015-04-21 00:00:00'),
(213, 1, 3, 2, '2015-04-21 00:00:00'),
(214, 1, 3, 2, '2015-04-21 00:00:00'),
(215, 1, 3, 2, '2015-04-21 00:00:00'),
(216, 1, 3, 2, '2015-04-21 00:00:00'),
(217, 1, 3, 2, '2015-04-21 00:00:00'),
(218, 1, 3, 2, '2015-04-21 00:00:00'),
(219, 1, 3, 2, '2015-04-21 00:00:00'),
(220, 1, 3, 2, '2015-04-21 00:00:00'),
(221, 1, 3, 2, '2015-04-21 00:00:00'),
(222, 1, 3, 2, '2015-04-21 00:00:00'),
(223, 1, 3, 2, '2015-04-21 00:00:00'),
(224, 1, 3, 2, '2015-04-21 00:00:00'),
(225, 1, 3, 2, '2015-04-21 00:00:00'),
(226, 1, 3, 2, '2015-04-21 00:00:00'),
(227, 1, 3, 2, '2015-04-21 00:00:00'),
(228, 1, 3, 2, '2015-04-21 00:00:00'),
(229, 1, 3, 2, '2015-04-21 00:00:00'),
(230, 1, 3, 2, '2015-04-21 00:00:00'),
(231, 1, 3, 2, '2015-04-21 00:00:00'),
(232, 1, 3, 2, '2015-04-21 00:00:00'),
(233, 1, 3, 2, '2015-04-21 00:00:00'),
(234, 1, 3, 2, '2015-04-21 00:00:00'),
(235, 1, 3, 2, '2015-04-21 00:00:00'),
(236, 1, 3, 2, '2015-04-21 00:00:00'),
(237, 1, 3, 2, '2015-04-21 00:00:00'),
(238, 1, 3, 2, '2015-04-21 00:00:00'),
(239, 1, 3, 2, '2015-04-21 00:00:00'),
(240, 1, 3, 2, '2015-04-21 00:00:00'),
(241, 1, 3, 2, '2015-04-21 00:00:00'),
(242, 1, 3, 2, '2015-04-21 00:00:00'),
(243, 1, 3, 2, '2015-04-21 00:00:00'),
(244, 1, 3, 2, '2015-04-21 00:00:00'),
(245, 1, 3, 2, '2015-04-21 00:00:00'),
(246, 1, 3, 2, '2015-04-21 00:00:00'),
(247, 1, 3, 3, '2015-04-21 00:00:00'),
(248, 1, 3, 3, '2015-04-21 00:00:00'),
(249, 1, 3, 3, '2015-04-21 00:00:00'),
(250, 1, 3, 4, '2015-04-21 00:00:00'),
(251, 1, 3, 4, '2015-04-21 00:00:00'),
(252, 1, 3, 4, '2015-04-21 00:00:00'),
(253, 1, 3, 4, '2015-04-21 00:00:00'),
(254, 1, 3, 4, '2015-04-21 00:00:00'),
(255, 1, 3, 4, '2015-04-21 00:00:00'),
(256, 1, 3, 4, '2015-04-21 00:00:00'),
(257, 1, 3, 4, '2015-04-21 00:00:00'),
(258, 1, 3, 4, '2015-04-21 00:00:00'),
(259, 1, 3, 4, '2015-04-21 00:00:00'),
(260, 1, 3, 4, '2015-04-21 00:00:00'),
(261, 1, 3, 4, '2015-04-21 00:00:00'),
(262, 1, 3, 4, '2015-04-21 00:00:00'),
(263, 1, 3, 4, '2015-04-21 00:00:00'),
(264, 1, 3, 4, '2015-04-21 00:00:00'),
(265, 1, 3, 4, '2015-04-21 00:00:00'),
(266, 1, 3, 4, '2015-04-21 00:00:00'),
(267, 1, 3, 4, '2015-04-21 00:00:00'),
(268, 1, 3, 4, '2015-04-21 00:00:00'),
(269, 2, 1, 1, '2015-04-20 00:00:00'),
(270, 2, 1, 1, '2015-04-20 00:00:00'),
(271, 2, 1, 1, '2015-04-20 00:00:00'),
(272, 2, 1, 1, '2015-04-20 00:00:00'),
(273, 2, 1, 1, '2015-04-20 00:00:00'),
(274, 2, 1, 1, '2015-04-20 00:00:00'),
(275, 2, 1, 2, '2015-04-20 00:00:00'),
(276, 2, 1, 2, '2015-04-20 00:00:00'),
(277, 2, 1, 2, '2015-04-20 00:00:00'),
(278, 2, 1, 2, '2015-04-20 00:00:00'),
(279, 2, 1, 2, '2015-04-20 00:00:00'),
(280, 2, 1, 2, '2015-04-20 00:00:00'),
(281, 2, 1, 2, '2015-04-20 00:00:00'),
(282, 2, 1, 3, '2015-04-20 00:00:00'),
(283, 2, 1, 3, '2015-04-20 00:00:00'),
(284, 2, 1, 3, '2015-04-20 00:00:00'),
(285, 2, 1, 3, '2015-04-20 00:00:00'),
(286, 2, 1, 3, '2015-04-20 00:00:00'),
(287, 2, 1, 3, '2015-04-20 00:00:00'),
(288, 2, 1, 3, '2015-04-20 00:00:00'),
(289, 2, 1, 3, '2015-04-20 00:00:00'),
(290, 2, 1, 3, '2015-04-20 00:00:00'),
(291, 2, 1, 3, '2015-04-20 00:00:00'),
(292, 2, 1, 4, '2015-04-20 00:00:00'),
(293, 3, 8, 1, '2015-04-20 00:00:00'),
(294, 3, 8, 1, '2015-04-20 00:00:00'),
(295, 3, 8, 1, '2015-04-20 00:00:00'),
(296, 3, 8, 1, '2015-04-20 00:00:00'),
(297, 3, 8, 1, '2015-04-20 00:00:00'),
(298, 3, 8, 2, '2015-04-20 00:00:00'),
(299, 3, 8, 2, '2015-04-20 00:00:00'),
(300, 3, 8, 2, '2015-04-20 00:00:00'),
(301, 3, 8, 2, '2015-04-20 00:00:00'),
(302, 3, 8, 2, '2015-04-20 00:00:00'),
(303, 3, 8, 2, '2015-04-20 00:00:00'),
(304, 3, 8, 2, '2015-04-20 00:00:00'),
(305, 3, 8, 2, '2015-04-20 00:00:00'),
(306, 3, 8, 2, '2015-04-20 00:00:00'),
(307, 3, 8, 2, '2015-04-20 00:00:00'),
(308, 3, 8, 2, '2015-04-20 00:00:00'),
(309, 3, 8, 2, '2015-04-20 00:00:00'),
(310, 3, 8, 2, '2015-04-20 00:00:00'),
(311, 3, 8, 3, '2015-04-20 00:00:00'),
(312, 3, 8, 2, '2015-04-20 00:00:00'),
(313, 3, 8, 2, '2015-04-20 00:00:00'),
(314, 3, 8, 2, '2015-04-20 00:00:00'),
(315, 3, 8, 2, '2015-04-20 00:00:00'),
(316, 3, 8, 4, '2015-04-20 00:00:00'),
(317, 3, 8, 4, '2015-04-20 00:00:00'),
(318, 3, 8, 4, '2015-04-20 00:00:00'),
(319, 3, 8, 4, '2015-04-20 00:00:00'),
(320, 3, 8, 4, '2015-04-20 00:00:00'),
(321, 3, 8, 4, '2015-04-20 00:00:00'),
(322, 3, 8, 4, '2015-04-20 00:00:00'),
(323, 3, 8, 4, '2015-04-20 00:00:00'),
(324, 3, 8, 4, '2015-04-20 00:00:00'),
(325, 3, 8, 4, '2015-04-20 00:00:00'),
(326, 3, 8, 4, '2015-04-20 00:00:00'),
(327, 3, 8, 4, '2015-04-20 00:00:00'),
(328, 3, 8, 4, '2015-04-20 00:00:00'),
(329, 3, 8, 4, '2015-04-20 00:00:00'),
(330, 3, 8, 4, '2015-04-20 00:00:00'),
(331, 3, 8, 4, '2015-04-20 00:00:00'),
(332, 3, 8, 4, '2015-04-20 00:00:00'),
(333, 3, 8, 4, '2015-04-20 00:00:00'),
(334, 3, 8, 4, '2015-04-20 00:00:00'),
(335, 3, 8, 4, '2015-04-20 00:00:00'),
(336, 3, 8, 4, '2015-04-20 00:00:00'),
(337, 3, 8, 4, '2015-04-20 00:00:00'),
(338, 3, 8, 4, '2015-04-20 00:00:00'),
(339, 3, 8, 4, '2015-04-20 00:00:00'),
(340, 3, 8, 4, '2015-04-20 00:00:00'),
(341, 3, 8, 4, '2015-04-20 00:00:00'),
(342, 3, 8, 4, '2015-04-20 00:00:00'),
(343, 3, 8, 4, '2015-04-20 00:00:00');

-- --------------------------------------------------------

--
-- Table structure for table `migration`
--

CREATE TABLE IF NOT EXISTS `migration` (
  `version` varchar(180) NOT NULL,
  `apply_time` int(11) DEFAULT NULL
) ENGINE=InnoDB DEFAULT CHARSET=latin1;

--
-- Dumping data for table `migration`
--

INSERT INTO `migration` (`version`, `apply_time`) VALUES
('m000000_000000_base', 1429586849),
('m130524_201442_init', 1429586852);

-- --------------------------------------------------------

--
-- Table structure for table `question`
--

CREATE TABLE IF NOT EXISTS `question` (
`id` int(11) NOT NULL,
  `user_id` int(11) NOT NULL,
  `date` datetime NOT NULL,
  `status` tinyint(2) NOT NULL,
  `question` text CHARACTER SET utf8 NOT NULL,
  `type` varchar(25) NOT NULL
) ENGINE=InnoDB  DEFAULT CHARSET=armscii8 AUTO_INCREMENT=12 ;

--
-- Dumping data for table `question`
--

INSERT INTO `question` (`id`, `user_id`, `date`, `status`, `question`, `type`) VALUES
(1, 2, '2015-04-21 12:39:15', 1, 'how are you?', 'office'),
(2, 1, '2015-04-21 12:40:01', 0, 'what your name?', 'global'),
(3, 1, '2015-04-21 12:40:20', 1, 'khỏe ko?', 'global'),
(4, 2, '2015-04-21 12:40:37', 0, 'đang làm gì đó?', 'office'),
(5, 2, '2015-04-21 12:44:32', 0, 'test lần 1', 'office'),
(6, 2, '2015-04-21 12:47:47', 0, 'hello', 'office'),
(7, 2, '2015-04-21 13:13:49', 0, 'tesst tiếp lần nữa', 'office'),
(8, 3, '2015-04-21 13:14:31', 1, 'câu hỏi của admin 2!', 'office'),
(9, 2, '2015-04-21 13:14:53', 0, 'test thêm lần nữa! :D', 'office'),
(10, 3, '2015-04-21 13:15:24', 0, 'câu hỏi thứ 2 của admin2', 'office'),
(11, 2, '2015-04-21 13:18:36', 0, 'cau hoi admin1', 'office');

-- --------------------------------------------------------

--
-- Table structure for table `user`
--

CREATE TABLE IF NOT EXISTS `user` (
`id` int(11) NOT NULL,
  `username` varchar(255) COLLATE utf8_unicode_ci NOT NULL,
  `auth_key` varchar(32) COLLATE utf8_unicode_ci NOT NULL,
  `password_hash` varchar(255) COLLATE utf8_unicode_ci NOT NULL,
  `password_reset_token` varchar(255) COLLATE utf8_unicode_ci DEFAULT NULL,
  `email` varchar(255) COLLATE utf8_unicode_ci NOT NULL,
  `status` smallint(6) NOT NULL DEFAULT '10',
  `created_at` int(11) NOT NULL,
  `updated_at` int(11) NOT NULL
) ENGINE=InnoDB  DEFAULT CHARSET=utf8 COLLATE=utf8_unicode_ci AUTO_INCREMENT=4 ;

--
-- Dumping data for table `user`
--

INSERT INTO `user` (`id`, `username`, `auth_key`, `password_hash`, `password_reset_token`, `email`, `status`, `created_at`, `updated_at`) VALUES
(1, 'demo', 'DNue7n_a4vA-DJC0rKiMJ5DsmmyYO7OL', '$2y$13$gCKzyxup7BJTlzTxNATS4.pkbfCiUQsy3QQ6g5JEue2MZXi/l0Bse', NULL, 'demo@email.com', 10, 1429589053, 1429589053),
(2, 'admin', 'uZq0AJu96DvQ-E8jOIC_5TnxLN5WRw7J', '$2y$13$n6T67kAaPYmeIgqbaHHa7.mg/henjrGliaOZeF8QWyXEg98ix7NQK', NULL, 'admin@email.com', 10, 1429611998, 1429611998),
(3, 'admin2', 'FD3C6-WOXtSKqCq5TG1e-lQS69hEFeNa', '$2y$13$hNF6dwzhf3I1BsPkyXyreeujOk7ml6Kqh61Z.MOPhkq3uCWEUBgZe', NULL, 'admin2@email.com', 10, 1429614850, 1429614850);

--
-- Indexes for dumped tables
--

--
-- Indexes for table `answers`
--
ALTER TABLE `answers`
 ADD PRIMARY KEY (`id`), ADD KEY `office_id` (`office_id`), ADD KEY `question_id` (`question_id`);

--
-- Indexes for table `migration`
--
ALTER TABLE `migration`
 ADD PRIMARY KEY (`version`);

--
-- Indexes for table `question`
--
ALTER TABLE `question`
 ADD PRIMARY KEY (`id`), ADD KEY `user_id` (`user_id`);

--
-- Indexes for table `user`
--
ALTER TABLE `user`
 ADD PRIMARY KEY (`id`);

--
-- AUTO_INCREMENT for dumped tables
--

--
-- AUTO_INCREMENT for table `answers`
--
ALTER TABLE `answers`
MODIFY `id` int(11) NOT NULL AUTO_INCREMENT,AUTO_INCREMENT=344;
--
-- AUTO_INCREMENT for table `question`
--
ALTER TABLE `question`
MODIFY `id` int(11) NOT NULL AUTO_INCREMENT,AUTO_INCREMENT=12;
--
-- AUTO_INCREMENT for table `user`
--
ALTER TABLE `user`
MODIFY `id` int(11) NOT NULL AUTO_INCREMENT,AUTO_INCREMENT=4;
--
-- Constraints for dumped tables
--

--
-- Constraints for table `answers`
--
ALTER TABLE `answers`
ADD CONSTRAINT `answers_ibfk_1` FOREIGN KEY (`office_id`) REFERENCES `user` (`id`),
ADD CONSTRAINT `answers_ibfk_2` FOREIGN KEY (`question_id`) REFERENCES `question` (`id`);

--
-- Constraints for table `question`
--
ALTER TABLE `question`
ADD CONSTRAINT `question_ibfk_1` FOREIGN KEY (`user_id`) REFERENCES `user` (`id`);

/*!40101 SET CHARACTER_SET_CLIENT=@OLD_CHARACTER_SET_CLIENT */;
/*!40101 SET CHARACTER_SET_RESULTS=@OLD_CHARACTER_SET_RESULTS */;
/*!40101 SET COLLATION_CONNECTION=@OLD_COLLATION_CONNECTION */;
