-- phpMyAdmin SQL Dump
-- version 4.2.7.1
-- http://www.phpmyadmin.net
--
-- Host: 127.0.0.1
-- Generation Time: Apr 22, 2015 at 11:36 AM
-- Server version: 5.6.20
-- PHP Version: 5.5.15

SET SQL_MODE = "NO_AUTO_VALUE_ON_ZERO";
SET time_zone = "+00:00";


/*!40101 SET @OLD_CHARACTER_SET_CLIENT=@@CHARACTER_SET_CLIENT */;
/*!40101 SET @OLD_CHARACTER_SET_RESULTS=@@CHARACTER_SET_RESULTS */;
/*!40101 SET @OLD_COLLATION_CONNECTION=@@COLLATION_CONNECTION */;
/*!40101 SET NAMES utf8 */;

--
-- Database: `mrcuong`
--

-- --------------------------------------------------------

--
-- Table structure for table `answers`
--

CREATE TABLE IF NOT EXISTS `answers` (
`id` int(11) NOT NULL,
  `office_id` int(11) NOT NULL,
  `question_id` int(11) NOT NULL,
  `answer` int(11) NOT NULL,
  `time` datetime NOT NULL
) ENGINE=InnoDB  DEFAULT CHARSET=utf8 AUTO_INCREMENT=3361 ;

--
-- Dumping data for table `answers`
--

INSERT INTO `answers` (`id`, `office_id`, `question_id`, `answer`, `time`) VALUES
(1, 1, 1, 1, '2015-04-21 00:00:00'),
(2, 1, 1, 1, '2015-04-21 00:00:00'),
(3, 1, 1, 1, '2015-04-21 00:00:00'),
(4, 1, 1, 1, '2015-04-21 00:00:00'),
(5, 1, 1, 1, '2015-04-21 00:00:00'),
(6, 1, 1, 1, '2015-04-21 00:00:00'),
(7, 1, 1, 1, '2015-04-21 00:00:00'),
(8, 1, 1, 1, '2015-04-21 00:00:00'),
(9, 1, 1, 1, '2015-04-21 00:00:00'),
(10, 1, 1, 1, '2015-04-21 00:00:00'),
(11, 1, 1, 1, '2015-04-21 00:00:00'),
(12, 1, 1, 1, '2015-04-21 00:00:00'),
(13, 1, 1, 2, '2015-04-21 00:00:00'),
(14, 1, 1, 2, '2015-04-21 00:00:00'),
(15, 1, 1, 2, '2015-04-21 00:00:00'),
(16, 1, 1, 2, '2015-04-21 00:00:00'),
(17, 1, 1, 2, '2015-04-21 00:00:00'),
(18, 1, 1, 3, '2015-04-21 00:00:00'),
(19, 1, 1, 3, '2015-04-21 00:00:00'),
(20, 1, 1, 4, '2015-04-21 00:00:00'),
(21, 1, 1, 4, '2015-04-21 00:00:00'),
(22, 1, 1, 4, '2015-04-21 00:00:00'),
(23, 1, 1, 4, '2015-04-21 00:00:00'),
(24, 1, 1, 4, '2015-04-21 00:00:00'),
(25, 1, 1, 4, '2015-04-21 00:00:00'),
(26, 1, 1, 4, '2015-04-21 00:00:00'),
(27, 1, 1, 4, '2015-04-21 00:00:00'),
(28, 1, 1, 4, '2015-04-21 00:00:00'),
(29, 1, 1, 4, '2015-04-21 00:00:00'),
(30, 1, 3, 1, '2015-04-21 00:00:00'),
(31, 1, 3, 1, '2015-04-21 00:00:00'),
(32, 1, 3, 1, '2015-04-21 00:00:00'),
(33, 1, 3, 1, '2015-04-21 00:00:00'),
(34, 1, 3, 1, '2015-04-21 00:00:00'),
(35, 1, 3, 1, '2015-04-21 00:00:00'),
(36, 1, 3, 1, '2015-04-21 00:00:00'),
(37, 1, 3, 1, '2015-04-21 00:00:00'),
(38, 1, 3, 1, '2015-04-21 00:00:00'),
(39, 1, 3, 1, '2015-04-21 00:00:00'),
(40, 1, 3, 1, '2015-04-21 00:00:00'),
(41, 1, 3, 1, '2015-04-21 00:00:00'),
(42, 1, 3, 1, '2015-04-21 00:00:00'),
(43, 1, 3, 1, '2015-04-21 00:00:00'),
(44, 1, 3, 1, '2015-04-21 00:00:00'),
(45, 1, 3, 1, '2015-04-21 00:00:00'),
(46, 1, 3, 2, '2015-04-21 00:00:00'),
(47, 1, 3, 2, '2015-04-21 00:00:00'),
(48, 1, 3, 2, '2015-04-21 00:00:00'),
(49, 1, 3, 2, '2015-04-21 00:00:00'),
(50, 1, 3, 2, '2015-04-21 00:00:00'),
(51, 1, 3, 2, '2015-04-21 00:00:00'),
(52, 1, 3, 2, '2015-04-21 00:00:00'),
(53, 1, 3, 2, '2015-04-21 00:00:00'),
(54, 1, 3, 2, '2015-04-21 00:00:00'),
(55, 1, 3, 2, '2015-04-21 00:00:00'),
(56, 1, 3, 2, '2015-04-21 00:00:00'),
(57, 1, 3, 2, '2015-04-21 00:00:00'),
(58, 1, 3, 2, '2015-04-21 00:00:00'),
(59, 1, 3, 2, '2015-04-21 00:00:00'),
(60, 1, 3, 2, '2015-04-21 00:00:00'),
(61, 1, 3, 2, '2015-04-21 00:00:00'),
(62, 1, 3, 2, '2015-04-21 00:00:00'),
(63, 1, 3, 2, '2015-04-21 00:00:00'),
(64, 1, 3, 2, '2015-04-21 00:00:00'),
(65, 1, 3, 2, '2015-04-21 00:00:00'),
(66, 1, 3, 2, '2015-04-21 00:00:00'),
(67, 1, 3, 2, '2015-04-21 00:00:00'),
(68, 1, 3, 2, '2015-04-21 00:00:00'),
(69, 1, 3, 2, '2015-04-21 00:00:00'),
(70, 1, 3, 2, '2015-04-21 00:00:00'),
(71, 1, 3, 2, '2015-04-21 00:00:00'),
(72, 1, 3, 2, '2015-04-21 00:00:00'),
(73, 1, 3, 2, '2015-04-21 00:00:00'),
(74, 1, 3, 2, '2015-04-21 00:00:00'),
(75, 1, 3, 2, '2015-04-21 00:00:00'),
(76, 1, 3, 2, '2015-04-21 00:00:00'),
(77, 1, 3, 2, '2015-04-21 00:00:00'),
(78, 1, 3, 2, '2015-04-21 00:00:00'),
(79, 1, 3, 2, '2015-04-21 00:00:00'),
(80, 1, 3, 2, '2015-04-21 00:00:00'),
(81, 1, 3, 2, '2015-04-21 00:00:00'),
(82, 1, 3, 3, '2015-04-21 00:00:00'),
(83, 1, 3, 3, '2015-04-21 00:00:00'),
(84, 1, 3, 3, '2015-04-21 00:00:00'),
(85, 1, 3, 4, '2015-04-21 00:00:00'),
(86, 1, 3, 4, '2015-04-21 00:00:00'),
(87, 1, 3, 4, '2015-04-21 00:00:00'),
(88, 1, 3, 4, '2015-04-21 00:00:00'),
(89, 1, 3, 4, '2015-04-21 00:00:00'),
(90, 1, 3, 4, '2015-04-21 00:00:00'),
(91, 1, 3, 4, '2015-04-21 00:00:00'),
(92, 1, 3, 4, '2015-04-21 00:00:00'),
(93, 1, 3, 4, '2015-04-21 00:00:00'),
(94, 1, 3, 4, '2015-04-21 00:00:00'),
(95, 1, 3, 4, '2015-04-21 00:00:00'),
(96, 1, 3, 4, '2015-04-21 00:00:00'),
(97, 1, 3, 4, '2015-04-21 00:00:00'),
(98, 1, 3, 4, '2015-04-21 00:00:00'),
(99, 1, 3, 4, '2015-04-21 00:00:00'),
(100, 1, 3, 4, '2015-04-21 00:00:00'),
(101, 1, 3, 4, '2015-04-21 00:00:00'),
(102, 1, 3, 4, '2015-04-21 00:00:00'),
(103, 1, 3, 4, '2015-04-21 00:00:00'),
(104, 1, 3, 4, '2015-04-21 00:00:00'),
(105, 1, 3, 4, '2015-04-21 00:00:00'),
(106, 1, 3, 4, '2015-04-21 00:00:00'),
(107, 1, 3, 4, '2015-04-21 00:00:00'),
(108, 1, 3, 4, '2015-04-21 00:00:00'),
(109, 1, 3, 4, '2015-04-21 00:00:00'),
(110, 1, 3, 4, '2015-04-21 00:00:00'),
(111, 1, 3, 4, '2015-04-21 00:00:00'),
(112, 1, 3, 4, '2015-04-21 00:00:00'),
(113, 1, 3, 4, '2015-04-21 00:00:00'),
(114, 1, 3, 4, '2015-04-21 00:00:00'),
(115, 1, 3, 4, '2015-04-21 00:00:00'),
(117, 1, 3, 1, '2015-04-21 00:00:00'),
(118, 1, 3, 1, '2015-04-21 00:00:00'),
(119, 1, 3, 1, '2015-04-21 00:00:00'),
(120, 1, 3, 1, '2015-04-21 00:00:00'),
(121, 1, 3, 1, '2015-04-21 00:00:00'),
(122, 1, 3, 1, '2015-04-21 00:00:00'),
(123, 1, 3, 1, '2015-04-21 00:00:00'),
(124, 1, 3, 1, '2015-04-21 00:00:00'),
(125, 1, 3, 1, '2015-04-21 00:00:00'),
(126, 1, 3, 1, '2015-04-21 00:00:00'),
(127, 1, 3, 1, '2015-04-21 00:00:00'),
(128, 1, 3, 1, '2015-04-21 00:00:00'),
(129, 1, 3, 1, '2015-04-21 00:00:00'),
(130, 1, 3, 1, '2015-04-21 00:00:00'),
(131, 1, 3, 1, '2015-04-21 00:00:00'),
(132, 1, 3, 2, '2015-04-21 00:00:00'),
(133, 1, 3, 2, '2015-04-21 00:00:00'),
(134, 1, 3, 2, '2015-04-21 00:00:00'),
(135, 1, 3, 2, '2015-04-21 00:00:00'),
(136, 1, 3, 2, '2015-04-21 00:00:00'),
(137, 1, 3, 2, '2015-04-21 00:00:00'),
(138, 1, 3, 2, '2015-04-21 00:00:00'),
(139, 1, 3, 2, '2015-04-21 00:00:00'),
(140, 1, 3, 2, '2015-04-21 00:00:00'),
(141, 1, 3, 2, '2015-04-21 00:00:00'),
(142, 1, 3, 2, '2015-04-21 00:00:00'),
(143, 1, 3, 2, '2015-04-21 00:00:00'),
(144, 1, 3, 2, '2015-04-21 00:00:00'),
(145, 1, 3, 2, '2015-04-21 00:00:00'),
(146, 1, 3, 2, '2015-04-21 00:00:00'),
(147, 1, 3, 2, '2015-04-21 00:00:00'),
(148, 1, 3, 2, '2015-04-21 00:00:00'),
(149, 1, 3, 2, '2015-04-21 00:00:00'),
(150, 1, 3, 2, '2015-04-21 00:00:00'),
(151, 1, 3, 2, '2015-04-21 00:00:00'),
(152, 1, 3, 2, '2015-04-21 00:00:00'),
(153, 1, 3, 2, '2015-04-21 00:00:00'),
(154, 1, 3, 2, '2015-04-21 00:00:00'),
(155, 1, 3, 2, '2015-04-21 00:00:00'),
(156, 1, 3, 2, '2015-04-21 00:00:00'),
(157, 1, 3, 2, '2015-04-21 00:00:00'),
(158, 1, 3, 2, '2015-04-21 00:00:00'),
(159, 1, 3, 2, '2015-04-21 00:00:00'),
(160, 1, 3, 2, '2015-04-21 00:00:00'),
(161, 1, 3, 2, '2015-04-21 00:00:00'),
(162, 1, 3, 2, '2015-04-21 00:00:00'),
(163, 1, 3, 2, '2015-04-21 00:00:00'),
(164, 1, 3, 2, '2015-04-21 00:00:00'),
(165, 1, 3, 2, '2015-04-21 00:00:00'),
(166, 1, 3, 2, '2015-04-21 00:00:00'),
(167, 1, 3, 2, '2015-04-21 00:00:00'),
(168, 1, 3, 3, '2015-04-21 00:00:00'),
(169, 1, 3, 3, '2015-04-21 00:00:00'),
(170, 1, 3, 3, '2015-04-21 00:00:00'),
(171, 1, 3, 4, '2015-04-21 00:00:00'),
(172, 1, 3, 4, '2015-04-21 00:00:00'),
(173, 1, 3, 4, '2015-04-21 00:00:00'),
(174, 1, 3, 4, '2015-04-21 00:00:00'),
(175, 1, 3, 4, '2015-04-21 00:00:00'),
(176, 1, 3, 4, '2015-04-21 00:00:00'),
(177, 1, 3, 4, '2015-04-21 00:00:00'),
(178, 1, 3, 4, '2015-04-21 00:00:00'),
(179, 1, 3, 4, '2015-04-21 00:00:00'),
(180, 1, 3, 4, '2015-04-21 00:00:00'),
(181, 1, 3, 4, '2015-04-21 00:00:00'),
(182, 1, 3, 4, '2015-04-21 00:00:00'),
(183, 1, 3, 4, '2015-04-21 00:00:00'),
(184, 1, 3, 4, '2015-04-21 00:00:00'),
(185, 1, 3, 4, '2015-04-21 00:00:00'),
(186, 1, 3, 4, '2015-04-21 00:00:00'),
(187, 1, 3, 4, '2015-04-21 00:00:00'),
(188, 1, 3, 4, '2015-04-21 00:00:00'),
(189, 1, 3, 4, '2015-04-21 00:00:00'),
(190, 1, 3, 4, '2015-04-21 00:00:00'),
(191, 1, 3, 4, '2015-04-21 00:00:00'),
(192, 1, 3, 4, '2015-04-21 00:00:00'),
(193, 1, 3, 4, '2015-04-21 00:00:00'),
(194, 1, 3, 4, '2015-04-21 00:00:00'),
(195, 1, 3, 4, '2015-04-21 00:00:00'),
(196, 1, 3, 4, '2015-04-21 00:00:00'),
(197, 1, 3, 4, '2015-04-21 00:00:00'),
(198, 1, 3, 4, '2015-04-21 00:00:00'),
(199, 1, 3, 4, '2015-04-21 00:00:00'),
(200, 1, 3, 4, '2015-04-21 00:00:00'),
(201, 1, 3, 4, '2015-04-21 00:00:00'),
(203, 1, 3, 1, '2015-04-21 00:00:00'),
(204, 1, 3, 1, '2015-04-21 00:00:00'),
(205, 1, 3, 1, '2015-04-21 00:00:00'),
(206, 1, 3, 1, '2015-04-21 00:00:00'),
(207, 1, 3, 1, '2015-04-21 00:00:00'),
(208, 1, 3, 1, '2015-04-21 00:00:00'),
(209, 1, 3, 1, '2015-04-21 00:00:00'),
(210, 1, 3, 1, '2015-04-21 00:00:00'),
(211, 1, 3, 2, '2015-04-21 00:00:00'),
(212, 1, 3, 2, '2015-04-21 00:00:00'),
(213, 1, 3, 2, '2015-04-21 00:00:00'),
(214, 1, 3, 2, '2015-04-21 00:00:00'),
(215, 1, 3, 2, '2015-04-21 00:00:00'),
(216, 1, 3, 2, '2015-04-21 00:00:00'),
(217, 1, 3, 2, '2015-04-21 00:00:00'),
(218, 1, 3, 2, '2015-04-21 00:00:00'),
(219, 1, 3, 2, '2015-04-21 00:00:00'),
(220, 1, 3, 2, '2015-04-21 00:00:00'),
(221, 1, 3, 2, '2015-04-21 00:00:00'),
(222, 1, 3, 2, '2015-04-21 00:00:00'),
(223, 1, 3, 2, '2015-04-21 00:00:00'),
(224, 1, 3, 2, '2015-04-21 00:00:00'),
(225, 1, 3, 2, '2015-04-21 00:00:00'),
(226, 1, 3, 2, '2015-04-21 00:00:00'),
(227, 1, 3, 2, '2015-04-21 00:00:00'),
(228, 1, 3, 2, '2015-04-21 00:00:00'),
(229, 1, 3, 2, '2015-04-21 00:00:00'),
(230, 1, 3, 2, '2015-04-21 00:00:00'),
(231, 1, 3, 2, '2015-04-21 00:00:00'),
(232, 1, 3, 2, '2015-04-21 00:00:00'),
(233, 1, 3, 2, '2015-04-21 00:00:00'),
(234, 1, 3, 2, '2015-04-21 00:00:00'),
(235, 1, 3, 2, '2015-04-21 00:00:00'),
(236, 1, 3, 2, '2015-04-21 00:00:00'),
(237, 1, 3, 2, '2015-04-21 00:00:00'),
(238, 1, 3, 2, '2015-04-21 00:00:00'),
(239, 1, 3, 2, '2015-04-21 00:00:00'),
(240, 1, 3, 2, '2015-04-21 00:00:00'),
(241, 1, 3, 2, '2015-04-21 00:00:00'),
(242, 1, 3, 2, '2015-04-21 00:00:00'),
(243, 1, 3, 2, '2015-04-21 00:00:00'),
(244, 1, 3, 2, '2015-04-21 00:00:00'),
(245, 1, 3, 2, '2015-04-21 00:00:00'),
(246, 1, 3, 2, '2015-04-21 00:00:00'),
(247, 1, 3, 3, '2015-04-21 00:00:00'),
(248, 1, 3, 3, '2015-04-21 00:00:00'),
(249, 1, 3, 3, '2015-04-21 00:00:00'),
(250, 1, 3, 4, '2015-04-21 00:00:00'),
(251, 1, 3, 4, '2015-04-21 00:00:00'),
(252, 1, 3, 4, '2015-04-21 00:00:00'),
(253, 1, 3, 4, '2015-04-21 00:00:00'),
(254, 1, 3, 4, '2015-04-21 00:00:00'),
(255, 1, 3, 4, '2015-04-21 00:00:00'),
(256, 1, 3, 4, '2015-04-21 00:00:00'),
(257, 1, 3, 4, '2015-04-21 00:00:00'),
(258, 1, 3, 4, '2015-04-21 00:00:00'),
(259, 1, 3, 4, '2015-04-21 00:00:00'),
(260, 1, 3, 4, '2015-04-21 00:00:00'),
(261, 1, 3, 4, '2015-04-21 00:00:00'),
(262, 1, 3, 4, '2015-04-21 00:00:00'),
(263, 1, 3, 4, '2015-04-21 00:00:00'),
(264, 1, 3, 4, '2015-04-21 00:00:00'),
(265, 1, 3, 4, '2015-04-21 00:00:00'),
(266, 1, 3, 4, '2015-04-21 00:00:00'),
(267, 1, 3, 4, '2015-04-21 00:00:00'),
(268, 1, 3, 4, '2015-04-21 00:00:00'),
(269, 2, 1, 1, '2015-04-20 00:00:00'),
(270, 2, 1, 1, '2015-04-20 00:00:00'),
(271, 2, 1, 1, '2015-04-20 00:00:00'),
(272, 2, 1, 1, '2015-04-20 00:00:00'),
(273, 2, 1, 1, '2015-04-20 00:00:00'),
(274, 2, 1, 1, '2015-04-20 00:00:00'),
(275, 2, 1, 2, '2015-04-20 00:00:00'),
(276, 2, 1, 2, '2015-04-20 00:00:00'),
(277, 2, 1, 2, '2015-04-20 00:00:00'),
(278, 2, 1, 2, '2015-04-20 00:00:00'),
(279, 2, 1, 2, '2015-04-20 00:00:00'),
(280, 2, 1, 2, '2015-04-20 00:00:00'),
(281, 2, 1, 2, '2015-04-20 00:00:00'),
(282, 2, 1, 3, '2015-04-20 00:00:00'),
(283, 2, 1, 3, '2015-04-20 00:00:00'),
(284, 2, 1, 3, '2015-04-20 00:00:00'),
(285, 2, 1, 3, '2015-04-20 00:00:00'),
(286, 2, 1, 3, '2015-04-20 00:00:00'),
(287, 2, 1, 3, '2015-04-20 00:00:00'),
(288, 2, 1, 3, '2015-04-20 00:00:00'),
(289, 2, 1, 3, '2015-04-20 00:00:00'),
(290, 2, 1, 3, '2015-04-20 00:00:00'),
(291, 2, 1, 3, '2015-04-20 00:00:00'),
(292, 2, 1, 4, '2015-04-20 00:00:00'),
(293, 3, 8, 1, '2015-04-20 00:00:00'),
(294, 3, 8, 1, '2015-04-20 00:00:00'),
(295, 3, 8, 1, '2015-04-20 00:00:00'),
(296, 3, 8, 1, '2015-04-20 00:00:00'),
(297, 3, 8, 1, '2015-04-20 00:00:00'),
(298, 3, 8, 2, '2015-04-20 00:00:00'),
(299, 3, 8, 2, '2015-04-20 00:00:00'),
(300, 3, 8, 2, '2015-04-20 00:00:00'),
(301, 3, 8, 2, '2015-04-20 00:00:00'),
(302, 3, 8, 2, '2015-04-20 00:00:00'),
(303, 3, 8, 2, '2015-04-20 00:00:00'),
(304, 3, 8, 2, '2015-04-20 00:00:00'),
(305, 3, 8, 2, '2015-04-20 00:00:00'),
(306, 3, 8, 2, '2015-04-20 00:00:00'),
(307, 3, 8, 2, '2015-04-20 00:00:00'),
(308, 3, 8, 2, '2015-04-20 00:00:00'),
(309, 3, 8, 2, '2015-04-20 00:00:00'),
(310, 3, 8, 2, '2015-04-20 00:00:00'),
(311, 3, 8, 3, '2015-04-20 00:00:00'),
(312, 3, 8, 2, '2015-04-20 00:00:00'),
(313, 3, 8, 2, '2015-04-20 00:00:00'),
(314, 3, 8, 2, '2015-04-20 00:00:00'),
(315, 3, 8, 2, '2015-04-20 00:00:00'),
(316, 3, 8, 4, '2015-04-20 00:00:00'),
(317, 3, 8, 4, '2015-04-20 00:00:00'),
(318, 3, 8, 4, '2015-04-20 00:00:00'),
(319, 3, 8, 4, '2015-04-20 00:00:00'),
(320, 3, 8, 4, '2015-04-20 00:00:00'),
(321, 3, 8, 4, '2015-04-20 00:00:00'),
(322, 3, 8, 4, '2015-04-20 00:00:00'),
(323, 3, 8, 4, '2015-04-20 00:00:00'),
(324, 3, 8, 4, '2015-04-20 00:00:00'),
(325, 3, 8, 4, '2015-04-20 00:00:00'),
(326, 3, 8, 4, '2015-04-20 00:00:00'),
(327, 3, 8, 4, '2015-04-20 00:00:00'),
(328, 3, 8, 4, '2015-04-20 00:00:00'),
(329, 3, 8, 4, '2015-04-20 00:00:00'),
(330, 3, 8, 4, '2015-04-20 00:00:00'),
(331, 3, 8, 4, '2015-04-20 00:00:00'),
(332, 3, 8, 4, '2015-04-20 00:00:00'),
(333, 3, 8, 4, '2015-04-20 00:00:00'),
(334, 3, 8, 4, '2015-04-20 00:00:00'),
(335, 3, 8, 4, '2015-04-20 00:00:00'),
(336, 3, 8, 4, '2015-04-20 00:00:00'),
(337, 3, 8, 4, '2015-04-20 00:00:00'),
(338, 3, 8, 4, '2015-04-20 00:00:00'),
(339, 3, 8, 4, '2015-04-20 00:00:00'),
(340, 3, 8, 4, '2015-04-20 00:00:00'),
(341, 3, 8, 4, '2015-04-20 00:00:00'),
(342, 3, 8, 4, '2015-04-20 00:00:00'),
(343, 3, 8, 4, '2015-04-20 00:00:00'),
(344, 2, 1, 4, '2015-06-28 14:53:17'),
(345, 2, 1, 3, '2015-04-16 08:34:17'),
(346, 2, 1, 3, '2015-04-25 11:02:17'),
(347, 2, 1, 1, '2015-07-16 18:45:17'),
(348, 2, 1, 1, '2015-02-20 10:51:17'),
(349, 2, 1, 3, '2015-07-05 19:27:17'),
(350, 2, 1, 1, '2015-07-11 14:06:17'),
(351, 2, 1, 3, '2015-04-04 15:36:17'),
(352, 2, 1, 2, '2015-06-28 19:00:17'),
(353, 2, 1, 4, '2015-05-26 16:02:17'),
(354, 2, 1, 3, '2015-07-04 13:27:17'),
(355, 2, 1, 4, '2015-02-17 16:50:17'),
(356, 2, 1, 2, '2015-01-31 11:56:17'),
(357, 2, 1, 4, '2015-03-31 12:25:17'),
(358, 2, 1, 4, '2015-05-19 08:21:17'),
(359, 2, 1, 2, '2015-05-22 11:53:17'),
(360, 2, 1, 1, '2015-07-15 08:42:17'),
(361, 2, 1, 3, '2015-02-02 15:46:17'),
(362, 2, 1, 2, '2015-07-06 12:59:17'),
(363, 2, 1, 2, '2015-03-11 15:05:17'),
(364, 2, 1, 4, '2015-07-19 11:19:17'),
(365, 2, 1, 1, '2015-05-05 20:00:17'),
(366, 2, 1, 1, '2015-04-19 08:17:17'),
(367, 2, 1, 1, '2015-02-21 11:22:17'),
(368, 2, 1, 3, '2015-03-05 08:50:17'),
(369, 2, 1, 4, '2015-02-06 08:54:17'),
(370, 2, 1, 3, '2015-06-30 15:48:17'),
(371, 2, 1, 1, '2015-05-25 11:02:17'),
(372, 2, 1, 3, '2015-04-15 11:16:17'),
(373, 2, 1, 2, '2015-04-11 11:54:17'),
(374, 2, 1, 2, '2015-03-09 18:50:17'),
(375, 2, 1, 2, '2015-02-15 19:05:17'),
(376, 2, 1, 2, '2015-02-11 15:38:17'),
(377, 2, 1, 3, '2015-02-13 09:10:17'),
(378, 2, 1, 2, '2015-06-02 10:23:17'),
(379, 2, 1, 1, '2015-03-17 14:26:17'),
(380, 2, 1, 1, '2015-07-05 10:42:17'),
(381, 2, 1, 4, '2015-03-18 14:20:17'),
(382, 2, 1, 4, '2015-01-30 12:44:17'),
(383, 2, 1, 4, '2015-03-11 16:10:17'),
(384, 2, 1, 3, '2015-05-08 15:13:17'),
(385, 2, 1, 3, '2015-02-19 09:00:17'),
(386, 2, 1, 3, '2015-03-09 08:39:17'),
(387, 2, 1, 2, '2015-06-01 16:13:17'),
(388, 2, 1, 3, '2015-06-24 10:10:17'),
(389, 2, 1, 3, '2015-06-27 15:51:17'),
(390, 2, 1, 2, '2015-04-25 11:23:17'),
(391, 2, 1, 2, '2015-04-04 11:00:17'),
(392, 2, 1, 2, '2015-05-21 10:19:17'),
(393, 2, 1, 2, '2015-03-20 19:18:17'),
(394, 2, 1, 4, '2015-02-12 09:38:17'),
(395, 2, 1, 1, '2015-03-19 16:17:17'),
(396, 2, 1, 3, '2015-06-27 14:21:17'),
(397, 2, 1, 1, '2015-05-05 11:30:17'),
(398, 2, 1, 1, '2015-05-24 08:31:17'),
(399, 2, 1, 2, '2015-06-12 15:59:17'),
(400, 2, 1, 2, '2015-05-30 14:02:17'),
(401, 2, 1, 3, '2015-03-19 09:03:17'),
(402, 2, 1, 4, '2015-04-28 16:14:18'),
(403, 2, 1, 3, '2015-04-18 16:53:18'),
(404, 2, 1, 1, '2015-06-05 12:14:18'),
(405, 2, 1, 4, '2015-05-30 09:09:18'),
(406, 2, 1, 4, '2015-06-02 15:07:18'),
(407, 2, 1, 1, '2015-02-15 14:20:18'),
(408, 2, 1, 4, '2015-05-09 14:59:18'),
(409, 2, 1, 4, '2015-03-05 17:59:18'),
(410, 2, 1, 4, '2015-04-04 16:36:18'),
(411, 2, 1, 1, '2015-03-20 11:51:18'),
(412, 2, 1, 4, '2015-04-19 15:02:18'),
(413, 2, 1, 2, '2015-06-29 17:45:18'),
(414, 2, 1, 3, '2015-06-25 16:15:18'),
(415, 2, 1, 2, '2015-06-27 11:35:18'),
(416, 2, 1, 2, '2015-06-12 15:49:18'),
(417, 2, 1, 1, '2015-07-13 08:20:18'),
(418, 2, 1, 4, '2015-06-26 12:20:18'),
(419, 2, 1, 4, '2015-04-16 18:17:18'),
(420, 2, 1, 4, '2015-05-30 12:13:18'),
(421, 2, 1, 2, '2015-06-23 17:06:18'),
(422, 2, 1, 2, '2015-06-24 18:50:18'),
(423, 2, 1, 4, '2015-03-03 15:27:18'),
(424, 2, 1, 4, '2015-03-11 15:15:18'),
(425, 2, 1, 4, '2015-06-21 11:25:18'),
(426, 2, 1, 1, '2015-04-11 08:31:18'),
(427, 2, 1, 4, '2015-02-08 16:09:18'),
(428, 2, 1, 4, '2015-01-26 10:21:18'),
(429, 2, 1, 1, '2015-04-02 14:21:18'),
(430, 2, 1, 3, '2015-02-26 15:48:18'),
(431, 2, 1, 2, '2015-06-27 11:44:18'),
(432, 2, 1, 1, '2015-06-04 10:22:18'),
(433, 2, 1, 4, '2015-04-30 15:56:18'),
(434, 2, 1, 2, '2015-05-11 11:08:18'),
(435, 2, 1, 1, '2015-05-30 18:11:18'),
(436, 2, 1, 1, '2015-02-16 15:31:18'),
(437, 2, 1, 3, '2015-02-06 15:04:18'),
(438, 1, 3, 1, '2015-03-12 16:41:36'),
(439, 1, 3, 1, '2015-02-15 19:06:36'),
(440, 1, 3, 3, '2015-04-26 13:31:36'),
(441, 1, 3, 2, '2015-01-29 16:17:36'),
(442, 1, 3, 3, '2015-01-26 15:32:36'),
(443, 1, 3, 1, '2015-01-30 12:41:36'),
(444, 1, 3, 4, '2015-02-04 13:38:36'),
(445, 1, 3, 2, '2015-04-27 17:32:36'),
(446, 1, 3, 4, '2015-01-29 11:30:36'),
(447, 1, 3, 2, '2015-07-02 18:06:36'),
(448, 1, 3, 4, '2015-03-11 08:58:36'),
(449, 1, 3, 3, '2015-06-22 12:03:36'),
(450, 1, 3, 2, '2015-02-16 20:21:36'),
(451, 1, 3, 3, '2015-04-14 11:54:36'),
(452, 1, 3, 1, '2015-05-24 12:51:36'),
(453, 1, 3, 1, '2015-03-09 17:50:36'),
(454, 1, 3, 3, '2015-05-25 20:11:36'),
(455, 1, 3, 2, '2015-04-18 15:02:36'),
(456, 1, 3, 3, '2015-05-15 12:36:36'),
(457, 1, 3, 3, '2015-06-04 16:43:36'),
(458, 1, 3, 2, '2015-07-12 14:45:36'),
(459, 1, 3, 4, '2015-04-28 16:48:36'),
(460, 1, 3, 3, '2015-05-27 15:04:36'),
(461, 1, 3, 1, '2015-06-23 10:06:36'),
(462, 1, 3, 4, '2015-06-28 14:00:36'),
(463, 1, 3, 2, '2015-05-15 20:01:36'),
(464, 1, 3, 2, '2015-06-15 20:18:36'),
(465, 1, 3, 4, '2015-05-15 20:01:36'),
(466, 1, 3, 3, '2015-02-11 12:15:36'),
(467, 1, 3, 1, '2015-05-16 15:30:36'),
(468, 1, 3, 4, '2015-05-10 16:38:36'),
(469, 1, 3, 1, '2015-03-13 15:51:36'),
(470, 1, 3, 4, '2015-03-29 18:57:36'),
(471, 1, 3, 1, '2015-07-21 09:34:36'),
(472, 1, 3, 4, '2015-01-27 10:47:36'),
(473, 1, 3, 4, '2015-01-28 20:26:36'),
(474, 1, 3, 1, '2015-04-08 09:15:36'),
(475, 1, 3, 1, '2015-05-17 19:11:36'),
(476, 1, 3, 2, '2015-05-05 11:36:36'),
(477, 1, 3, 4, '2015-07-12 18:23:36'),
(478, 1, 3, 2, '2015-02-16 16:35:36'),
(479, 1, 3, 4, '2015-06-01 15:52:36'),
(480, 1, 3, 4, '2015-03-31 19:45:36'),
(481, 1, 3, 3, '2015-05-23 15:45:36'),
(482, 1, 3, 2, '2015-02-26 14:45:36'),
(483, 1, 3, 1, '2015-04-25 18:10:36'),
(484, 1, 3, 2, '2015-02-07 19:59:36'),
(485, 1, 3, 1, '2015-06-08 13:44:36'),
(486, 1, 3, 2, '2015-02-17 18:53:36'),
(487, 1, 3, 2, '2015-02-15 10:17:36'),
(488, 1, 3, 2, '2015-05-03 20:31:36'),
(489, 1, 3, 4, '2015-07-19 18:10:36'),
(490, 1, 3, 1, '2015-04-02 09:31:36'),
(491, 1, 3, 1, '2015-05-31 19:39:36'),
(492, 1, 3, 3, '2015-07-11 16:06:36'),
(493, 1, 3, 1, '2015-03-09 10:10:36'),
(494, 1, 3, 3, '2015-03-27 15:38:36'),
(495, 1, 3, 2, '2015-03-16 18:50:36'),
(496, 1, 3, 4, '2015-04-06 17:27:36'),
(497, 1, 3, 2, '2015-04-29 13:12:36'),
(498, 1, 3, 4, '2015-03-11 15:48:36'),
(499, 1, 3, 2, '2015-02-06 18:13:36'),
(500, 1, 3, 3, '2015-06-04 10:06:36'),
(501, 1, 3, 3, '2015-04-21 15:29:36'),
(502, 1, 3, 2, '2015-07-11 17:27:36'),
(503, 1, 3, 3, '2015-02-03 10:42:36'),
(504, 1, 3, 1, '2015-07-04 19:57:36'),
(505, 1, 3, 1, '2015-04-12 11:13:36'),
(506, 1, 3, 3, '2015-06-04 13:01:36'),
(507, 1, 3, 3, '2015-01-26 13:15:36'),
(508, 1, 3, 3, '2015-05-22 13:07:36'),
(509, 1, 3, 1, '2015-06-28 17:07:36'),
(510, 1, 3, 1, '2015-07-03 11:29:36'),
(511, 1, 3, 3, '2015-02-27 15:40:36'),
(512, 1, 3, 1, '2015-01-30 15:53:36'),
(513, 1, 3, 1, '2015-02-27 17:41:36'),
(514, 1, 3, 4, '2015-01-22 16:00:36'),
(515, 1, 3, 3, '2015-04-09 11:53:36'),
(516, 1, 3, 2, '2015-05-03 14:56:36'),
(517, 1, 3, 4, '2015-05-11 13:57:36'),
(518, 1, 3, 3, '2015-02-09 17:43:36'),
(519, 1, 3, 3, '2015-06-13 20:32:36'),
(520, 1, 3, 2, '2015-03-21 13:20:36'),
(521, 1, 3, 3, '2015-04-20 09:03:36'),
(522, 1, 3, 1, '2015-06-30 13:24:36'),
(523, 1, 3, 4, '2015-05-25 12:13:36'),
(524, 1, 3, 3, '2015-03-20 09:10:36'),
(525, 1, 3, 2, '2015-02-11 10:24:36'),
(526, 1, 3, 3, '2015-02-25 17:18:36'),
(527, 1, 3, 4, '2015-02-24 18:25:36'),
(528, 1, 3, 1, '2015-01-25 16:24:36'),
(529, 1, 3, 2, '2015-07-16 13:36:36'),
(530, 1, 3, 2, '2015-04-02 15:30:36'),
(531, 1, 3, 4, '2015-02-05 18:58:36'),
(532, 1, 3, 1, '2015-06-19 12:20:36'),
(533, 1, 3, 3, '2015-04-10 20:23:36'),
(534, 1, 3, 4, '2015-06-13 14:12:36'),
(535, 1, 3, 1, '2015-03-10 12:36:36'),
(536, 1, 3, 1, '2015-06-21 14:34:36'),
(537, 1, 3, 2, '2015-06-21 10:25:36'),
(538, 1, 3, 4, '2015-02-13 09:29:36'),
(539, 1, 3, 1, '2015-07-10 20:22:36'),
(540, 1, 3, 4, '2015-06-30 18:32:36'),
(541, 1, 3, 4, '2015-04-04 18:19:36'),
(542, 1, 3, 2, '2015-06-15 17:07:36'),
(543, 1, 3, 4, '2015-05-16 19:14:36'),
(544, 1, 3, 2, '2015-06-11 10:44:36'),
(545, 1, 3, 2, '2015-06-21 09:34:36'),
(546, 1, 3, 4, '2015-03-13 19:04:36'),
(547, 1, 3, 3, '2015-03-15 13:24:37'),
(548, 1, 3, 3, '2015-03-23 12:02:37'),
(549, 1, 3, 2, '2015-04-06 11:47:37'),
(550, 1, 3, 1, '2015-06-23 11:02:37'),
(551, 1, 3, 1, '2015-05-29 19:17:37'),
(552, 1, 3, 3, '2015-02-06 15:13:37'),
(553, 1, 3, 2, '2015-03-24 19:15:37'),
(554, 1, 3, 3, '2015-04-16 12:01:37'),
(555, 1, 3, 3, '2015-04-08 10:56:37'),
(556, 1, 3, 4, '2015-03-06 14:28:37'),
(557, 1, 3, 2, '2015-03-16 14:27:37'),
(558, 1, 3, 1, '2015-07-18 15:08:37'),
(559, 1, 3, 4, '2015-06-07 13:09:37'),
(560, 1, 3, 4, '2015-03-19 17:16:37'),
(561, 1, 3, 3, '2015-07-08 14:25:37'),
(562, 1, 3, 2, '2015-02-26 09:23:37'),
(563, 1, 3, 1, '2015-06-08 09:18:37'),
(564, 1, 3, 3, '2015-05-24 20:27:37'),
(565, 1, 3, 4, '2015-05-23 13:03:37'),
(566, 1, 3, 4, '2015-02-23 12:41:37'),
(567, 1, 3, 1, '2015-06-27 20:02:37'),
(568, 1, 3, 3, '2015-07-12 15:35:37'),
(569, 1, 3, 2, '2015-06-22 19:02:37'),
(570, 1, 3, 2, '2015-05-03 09:04:37'),
(571, 1, 3, 1, '2015-05-19 14:56:37'),
(572, 1, 3, 3, '2015-05-12 14:10:37'),
(573, 1, 3, 4, '2015-03-24 12:26:37'),
(574, 1, 3, 3, '2015-05-07 16:45:37'),
(575, 1, 3, 4, '2015-04-22 18:59:37'),
(576, 1, 3, 1, '2015-04-27 20:45:37'),
(577, 1, 3, 3, '2015-06-27 09:52:37'),
(578, 1, 3, 2, '2015-04-14 20:45:37'),
(579, 1, 3, 1, '2015-02-02 17:21:37'),
(580, 1, 3, 2, '2015-05-12 13:51:37'),
(581, 1, 3, 1, '2015-07-05 13:59:37'),
(582, 1, 3, 4, '2015-05-26 16:59:37'),
(583, 1, 3, 1, '2015-03-22 20:04:37'),
(584, 1, 3, 2, '2015-07-01 11:58:37'),
(585, 1, 3, 3, '2015-06-08 13:28:37'),
(586, 1, 3, 1, '2015-06-18 18:03:37'),
(587, 1, 3, 1, '2015-06-26 11:07:37'),
(588, 1, 3, 1, '2015-03-25 11:03:37'),
(589, 1, 3, 4, '2015-04-25 17:27:37'),
(590, 1, 3, 4, '2015-07-02 12:23:37'),
(591, 1, 3, 1, '2015-06-28 11:56:37'),
(592, 1, 3, 4, '2015-02-02 12:06:37'),
(593, 1, 3, 1, '2015-07-05 19:53:37'),
(594, 1, 3, 1, '2015-02-17 10:40:37'),
(595, 1, 3, 1, '2015-05-31 11:15:37'),
(596, 1, 3, 1, '2015-05-12 19:01:37'),
(597, 1, 3, 4, '2015-05-21 09:03:37'),
(598, 1, 3, 3, '2015-07-13 16:49:37'),
(599, 1, 3, 3, '2015-06-08 20:33:37'),
(600, 1, 3, 4, '2015-04-23 10:08:37'),
(601, 1, 3, 2, '2015-06-06 19:08:37'),
(602, 1, 3, 4, '2015-02-03 19:37:37'),
(603, 1, 3, 4, '2015-07-16 16:20:37'),
(604, 1, 3, 1, '2015-05-26 18:21:37'),
(605, 1, 3, 1, '2015-02-24 19:29:37'),
(606, 1, 3, 1, '2015-06-12 10:12:37'),
(607, 1, 3, 2, '2015-06-27 14:03:37'),
(608, 1, 3, 4, '2015-04-12 17:23:37'),
(609, 1, 3, 4, '2015-06-15 13:52:37'),
(610, 1, 3, 4, '2015-03-04 16:55:37'),
(611, 1, 3, 1, '2015-05-15 10:15:37'),
(612, 1, 3, 2, '2015-06-24 12:06:37'),
(613, 1, 3, 4, '2015-02-21 12:23:37'),
(614, 1, 3, 3, '2015-01-30 09:33:37'),
(615, 1, 3, 4, '2015-02-02 11:45:37'),
(616, 1, 3, 3, '2015-06-06 15:14:37'),
(617, 1, 3, 1, '2015-04-08 19:59:37'),
(618, 1, 3, 3, '2015-05-31 17:06:37'),
(619, 1, 3, 3, '2015-07-14 17:24:37'),
(620, 1, 3, 3, '2015-05-14 13:56:37'),
(621, 1, 3, 3, '2015-07-14 19:59:37'),
(622, 1, 3, 4, '2015-02-14 12:31:37'),
(623, 1, 3, 3, '2015-04-30 09:35:37'),
(624, 1, 3, 2, '2015-04-06 18:03:37'),
(625, 1, 3, 1, '2015-02-10 13:29:37'),
(626, 1, 3, 4, '2015-04-12 17:13:37'),
(627, 1, 3, 4, '2015-01-29 12:42:37'),
(628, 1, 3, 3, '2015-02-07 12:18:37'),
(629, 1, 3, 3, '2015-05-30 18:16:37'),
(630, 1, 3, 1, '2015-05-23 20:47:37'),
(631, 1, 3, 1, '2015-04-25 11:22:37'),
(632, 1, 3, 3, '2015-05-29 13:16:37'),
(633, 1, 3, 3, '2015-02-20 15:41:37'),
(634, 1, 3, 2, '2015-04-20 14:06:37'),
(635, 1, 3, 2, '2015-02-15 09:17:37'),
(636, 1, 3, 4, '2015-05-21 18:34:37'),
(637, 1, 3, 4, '2015-04-04 09:28:37'),
(638, 1, 3, 4, '2015-04-21 18:24:37'),
(639, 1, 3, 4, '2015-05-21 10:18:37'),
(640, 1, 3, 4, '2015-06-03 11:11:37'),
(641, 1, 3, 2, '2015-02-22 10:57:37'),
(642, 1, 3, 1, '2015-05-28 11:54:37'),
(643, 1, 3, 2, '2015-05-08 10:05:37'),
(644, 1, 3, 4, '2015-07-19 16:50:37'),
(645, 1, 3, 4, '2015-05-17 19:10:37'),
(646, 1, 3, 2, '2015-03-22 17:23:37'),
(647, 1, 3, 3, '2015-01-28 13:42:37'),
(648, 1, 3, 4, '2015-05-29 19:32:37'),
(649, 1, 3, 1, '2015-03-27 18:05:37'),
(650, 1, 3, 2, '2015-05-16 17:49:37'),
(651, 1, 3, 3, '2015-05-25 18:28:37'),
(652, 1, 3, 4, '2015-04-14 10:42:37'),
(653, 1, 3, 4, '2015-02-21 17:48:38'),
(654, 1, 3, 1, '2015-05-13 14:54:38'),
(655, 1, 3, 3, '2015-06-04 15:35:38'),
(656, 1, 3, 4, '2015-05-24 09:02:38'),
(657, 1, 3, 3, '2015-07-10 17:38:38'),
(658, 1, 3, 3, '2015-05-31 11:13:38'),
(659, 1, 3, 1, '2015-07-10 11:57:38'),
(660, 1, 3, 3, '2015-02-03 16:55:38'),
(661, 1, 3, 1, '2015-05-03 10:40:38'),
(662, 1, 3, 3, '2015-03-29 15:27:38'),
(663, 1, 3, 1, '2015-02-17 11:46:38'),
(664, 1, 3, 3, '2015-03-11 10:39:38'),
(665, 1, 3, 4, '2015-04-27 10:54:38'),
(666, 1, 3, 2, '2015-06-27 11:02:38'),
(667, 1, 3, 1, '2015-05-10 17:14:38'),
(668, 2, 1, 1, '2015-02-17 19:17:53'),
(669, 2, 1, 4, '2015-07-16 13:23:53'),
(670, 2, 1, 1, '2015-03-18 14:28:53'),
(671, 2, 1, 4, '2015-04-21 09:05:53'),
(672, 2, 1, 1, '2015-03-11 11:59:53'),
(673, 2, 1, 4, '2015-01-26 10:52:53'),
(674, 2, 1, 3, '2015-04-19 11:38:53'),
(675, 2, 1, 1, '2015-06-29 15:37:53'),
(676, 2, 1, 3, '2015-02-12 18:46:53'),
(677, 2, 1, 1, '2015-07-10 19:56:53'),
(678, 2, 1, 1, '2015-01-30 17:36:53'),
(679, 2, 1, 1, '2015-02-21 12:47:53'),
(680, 2, 1, 4, '2015-06-03 17:37:53'),
(681, 2, 1, 2, '2015-05-23 14:00:53'),
(682, 2, 1, 1, '2015-04-03 11:42:53'),
(683, 2, 1, 2, '2015-03-21 16:32:53'),
(684, 2, 1, 1, '2015-03-14 20:17:53'),
(685, 2, 1, 2, '2015-02-28 15:21:53'),
(686, 2, 1, 3, '2015-07-21 12:32:53'),
(687, 2, 1, 2, '2015-07-03 15:07:53'),
(688, 2, 1, 2, '2015-03-06 14:28:53'),
(689, 2, 1, 3, '2015-06-08 17:09:53'),
(690, 2, 1, 3, '2015-03-29 10:49:53'),
(691, 2, 1, 3, '2015-05-17 18:06:53'),
(692, 2, 1, 3, '2015-06-16 09:48:53'),
(693, 2, 1, 1, '2015-06-21 16:27:53'),
(694, 2, 1, 3, '2015-06-06 16:45:53'),
(695, 2, 1, 1, '2015-02-03 16:43:53'),
(696, 2, 1, 4, '2015-06-19 14:21:53'),
(697, 2, 1, 2, '2015-01-25 14:07:53'),
(698, 2, 1, 4, '2015-05-21 19:32:53'),
(699, 2, 1, 2, '2015-07-03 14:57:53'),
(700, 2, 1, 3, '2015-02-04 16:58:53'),
(701, 2, 1, 1, '2015-07-04 18:09:53'),
(702, 2, 1, 1, '2015-05-31 15:51:53'),
(703, 2, 1, 4, '2015-05-22 14:57:53'),
(704, 2, 1, 1, '2015-06-21 09:16:53'),
(705, 2, 1, 4, '2015-03-20 12:50:53'),
(706, 2, 1, 2, '2015-03-19 12:28:53'),
(707, 2, 1, 1, '2015-04-09 20:48:53'),
(708, 2, 1, 2, '2015-05-04 11:35:53'),
(709, 2, 1, 2, '2015-03-30 12:49:53'),
(710, 2, 1, 4, '2015-03-28 15:57:53'),
(711, 2, 1, 3, '2015-01-24 20:31:53'),
(712, 2, 1, 1, '2015-05-31 16:11:53'),
(713, 2, 1, 1, '2015-04-08 19:00:53'),
(714, 2, 1, 3, '2015-04-14 11:38:53'),
(715, 2, 1, 2, '2015-04-18 15:47:53'),
(716, 2, 1, 2, '2015-04-28 19:30:53'),
(717, 2, 1, 4, '2015-04-27 13:07:53'),
(718, 2, 1, 4, '2015-06-24 15:49:53'),
(719, 2, 1, 1, '2015-03-19 14:51:53'),
(720, 2, 1, 1, '2015-04-13 20:26:53'),
(721, 2, 1, 1, '2015-05-30 09:15:53'),
(722, 2, 1, 3, '2015-02-22 17:53:53'),
(723, 2, 1, 1, '2015-05-23 14:44:53'),
(724, 2, 1, 2, '2015-03-01 18:14:53'),
(725, 2, 1, 1, '2015-03-08 12:59:53'),
(726, 2, 1, 3, '2015-02-28 19:09:53'),
(727, 2, 1, 4, '2015-07-02 19:02:53'),
(728, 2, 1, 2, '2015-05-10 14:19:53'),
(729, 2, 1, 3, '2015-03-16 20:36:53'),
(730, 2, 1, 1, '2015-07-19 19:20:53'),
(731, 2, 1, 4, '2015-04-17 09:08:53'),
(732, 2, 1, 1, '2015-02-12 14:12:53'),
(733, 2, 1, 3, '2015-02-23 17:44:53'),
(734, 2, 1, 1, '2015-07-04 12:43:53'),
(735, 2, 1, 1, '2015-05-01 16:44:53'),
(736, 2, 1, 3, '2015-01-28 11:46:53'),
(737, 2, 1, 1, '2015-02-12 20:17:53'),
(738, 2, 1, 2, '2015-06-06 17:49:53'),
(739, 2, 1, 1, '2015-03-06 17:35:53'),
(740, 2, 1, 1, '2015-02-08 18:59:53'),
(741, 2, 1, 3, '2015-06-07 17:51:53'),
(742, 2, 1, 2, '2015-05-24 20:27:53'),
(743, 2, 1, 2, '2015-04-24 09:27:53'),
(744, 2, 1, 2, '2015-03-25 19:07:53'),
(745, 2, 1, 2, '2015-04-15 17:05:53'),
(746, 2, 1, 4, '2015-05-25 11:54:53'),
(747, 2, 1, 1, '2015-03-31 11:02:53'),
(748, 2, 1, 3, '2015-04-25 16:00:53'),
(749, 2, 1, 1, '2015-05-22 15:18:53'),
(750, 2, 1, 1, '2015-05-25 13:32:53'),
(751, 2, 1, 2, '2015-06-08 15:56:53'),
(752, 2, 1, 4, '2015-02-22 16:01:53'),
(753, 2, 1, 2, '2015-05-23 14:32:53'),
(754, 2, 1, 3, '2015-03-03 20:24:53'),
(755, 2, 1, 4, '2015-04-14 13:19:53'),
(756, 2, 1, 1, '2015-05-28 14:33:53'),
(757, 2, 1, 3, '2015-02-28 15:45:53'),
(758, 2, 1, 4, '2015-04-15 19:25:53'),
(759, 2, 1, 3, '2015-05-21 15:20:53'),
(760, 2, 1, 2, '2015-02-10 14:40:53'),
(761, 2, 1, 4, '2015-03-02 19:21:53'),
(762, 2, 1, 2, '2015-05-04 16:46:53'),
(763, 2, 1, 2, '2015-06-07 12:31:53'),
(764, 2, 1, 4, '2015-07-18 20:48:53'),
(765, 2, 1, 1, '2015-07-18 17:26:53'),
(766, 2, 1, 4, '2015-04-18 18:45:53'),
(767, 2, 1, 3, '2015-07-13 17:31:53'),
(768, 2, 1, 4, '2015-07-09 13:11:53'),
(769, 2, 1, 3, '2015-02-22 18:00:53'),
(770, 2, 1, 3, '2015-02-21 12:57:53'),
(771, 2, 1, 1, '2015-07-19 20:41:53'),
(772, 2, 1, 3, '2015-04-01 19:43:53'),
(773, 2, 1, 4, '2015-05-03 14:41:53'),
(774, 2, 1, 3, '2015-06-27 18:37:53'),
(775, 2, 1, 3, '2015-07-06 10:40:53'),
(776, 2, 1, 2, '2015-02-02 16:33:53'),
(777, 2, 1, 2, '2015-02-08 17:56:53'),
(778, 2, 1, 2, '2015-02-22 20:20:53'),
(779, 2, 1, 4, '2015-06-07 18:47:53'),
(780, 2, 1, 2, '2015-01-24 13:33:53'),
(781, 2, 1, 3, '2015-07-19 15:46:53'),
(782, 2, 1, 1, '2015-05-24 09:40:53'),
(783, 2, 1, 4, '2015-05-06 10:35:53'),
(784, 2, 1, 2, '2015-04-29 18:52:53'),
(785, 2, 1, 3, '2015-03-04 15:21:53'),
(786, 2, 1, 3, '2015-05-14 14:07:53'),
(787, 2, 1, 1, '2015-02-11 10:41:53'),
(788, 2, 1, 1, '2015-02-25 16:53:53'),
(789, 2, 1, 1, '2015-02-05 20:37:53'),
(790, 2, 1, 2, '2015-03-22 16:55:53'),
(791, 2, 1, 2, '2015-05-31 16:13:53'),
(792, 2, 1, 2, '2015-03-12 10:08:53'),
(793, 2, 1, 2, '2015-03-23 09:55:53'),
(794, 2, 1, 3, '2015-05-20 18:29:53'),
(795, 2, 1, 4, '2015-04-09 15:06:53'),
(796, 2, 1, 3, '2015-04-04 11:19:53'),
(797, 2, 1, 2, '2015-05-30 10:22:53'),
(798, 2, 1, 2, '2015-06-06 10:19:53'),
(799, 2, 1, 2, '2015-07-15 17:57:53'),
(800, 2, 1, 3, '2015-05-21 11:41:53'),
(801, 2, 1, 2, '2015-02-10 13:54:53'),
(802, 2, 1, 4, '2015-06-10 16:59:53'),
(803, 2, 1, 3, '2015-06-17 11:37:53'),
(804, 2, 1, 1, '2015-03-08 19:36:53'),
(805, 2, 1, 1, '2015-06-29 09:03:53'),
(806, 2, 1, 4, '2015-04-20 18:09:53'),
(807, 2, 1, 2, '2015-07-17 19:27:53'),
(808, 2, 1, 3, '2015-04-30 19:47:53'),
(809, 2, 1, 3, '2015-03-16 17:46:53'),
(810, 2, 1, 3, '2015-07-21 15:58:53'),
(811, 2, 1, 1, '2015-05-05 10:24:53'),
(812, 2, 1, 4, '2015-04-18 10:44:53'),
(813, 2, 1, 4, '2015-01-25 12:31:53'),
(814, 2, 1, 4, '2015-05-11 11:44:53'),
(815, 2, 1, 2, '2015-06-12 13:29:53'),
(816, 2, 1, 4, '2015-07-21 18:01:53'),
(817, 2, 1, 2, '2015-05-07 15:35:53'),
(818, 2, 1, 2, '2015-02-22 12:03:54'),
(819, 2, 1, 4, '2015-06-02 16:44:54'),
(820, 2, 1, 3, '2015-07-13 10:37:54'),
(821, 2, 1, 1, '2015-02-21 17:27:54'),
(822, 2, 1, 3, '2015-02-18 19:54:54'),
(823, 2, 1, 3, '2015-03-01 16:52:54'),
(824, 2, 1, 4, '2015-03-28 18:35:54'),
(825, 2, 1, 2, '2015-01-24 16:20:54'),
(826, 2, 1, 1, '2015-03-07 10:17:54'),
(827, 2, 1, 4, '2015-04-17 12:32:54'),
(828, 2, 1, 4, '2015-04-18 13:35:54'),
(829, 2, 1, 3, '2015-01-24 16:50:54'),
(830, 2, 1, 4, '2015-07-12 16:11:54'),
(831, 2, 1, 1, '2015-02-04 17:00:54'),
(832, 2, 1, 1, '2015-06-24 17:29:54'),
(833, 2, 1, 2, '2015-03-29 17:36:54'),
(834, 2, 1, 2, '2015-02-15 09:20:54'),
(835, 2, 1, 3, '2015-04-16 13:44:54'),
(836, 2, 1, 3, '2015-05-02 11:37:54'),
(837, 2, 1, 3, '2015-07-11 11:13:54'),
(838, 2, 1, 3, '2015-06-24 16:52:54'),
(839, 2, 1, 3, '2015-05-11 09:17:54'),
(840, 2, 1, 4, '2015-07-19 20:15:54'),
(841, 2, 1, 3, '2015-03-23 14:56:54'),
(842, 2, 1, 1, '2015-05-23 11:09:54'),
(843, 2, 1, 4, '2015-06-19 10:45:54'),
(844, 2, 1, 4, '2015-04-11 14:02:54'),
(845, 2, 1, 4, '2015-04-09 17:33:54'),
(846, 2, 1, 1, '2015-05-15 15:53:54'),
(847, 2, 1, 3, '2015-04-04 09:42:54'),
(848, 2, 1, 1, '2015-06-02 19:53:54'),
(849, 2, 1, 2, '2015-06-03 13:39:54'),
(850, 2, 1, 4, '2015-03-07 09:14:54'),
(851, 2, 1, 2, '2015-05-12 20:42:54'),
(852, 2, 1, 4, '2015-04-02 16:17:54'),
(853, 2, 1, 4, '2015-06-30 20:35:54'),
(854, 2, 1, 4, '2015-01-28 09:08:54'),
(855, 2, 1, 4, '2015-05-03 12:03:54'),
(856, 2, 1, 3, '2015-03-04 11:50:54'),
(857, 2, 1, 3, '2015-06-14 16:16:54'),
(858, 2, 1, 1, '2015-05-07 20:09:54'),
(859, 2, 1, 3, '2015-03-03 14:59:54'),
(860, 2, 1, 1, '2015-04-12 20:49:54'),
(861, 2, 1, 4, '2015-03-14 13:55:54'),
(862, 2, 1, 1, '2015-04-10 19:57:54'),
(863, 2, 1, 1, '2015-07-14 15:23:54'),
(864, 2, 1, 3, '2015-05-03 10:05:54'),
(865, 2, 1, 4, '2015-02-13 15:53:54'),
(866, 2, 1, 4, '2015-06-02 15:37:54'),
(867, 2, 1, 4, '2015-04-19 20:06:54'),
(868, 2, 1, 1, '2015-03-16 20:30:54'),
(869, 2, 1, 1, '2015-04-06 14:06:54'),
(870, 2, 1, 2, '2015-06-03 11:57:54'),
(871, 2, 1, 3, '2015-03-24 17:07:54'),
(872, 2, 1, 4, '2015-04-11 16:29:54'),
(873, 2, 1, 2, '2015-06-13 20:00:54'),
(874, 2, 1, 3, '2015-06-30 16:19:54'),
(875, 2, 1, 4, '2015-07-09 17:07:54'),
(876, 2, 1, 1, '2015-05-17 15:36:54'),
(877, 2, 1, 1, '2015-02-07 10:12:54'),
(878, 2, 1, 2, '2015-05-17 13:58:54'),
(879, 2, 1, 3, '2015-06-05 17:23:54'),
(880, 2, 1, 3, '2015-04-14 09:52:54'),
(881, 2, 1, 2, '2015-04-18 09:27:54'),
(882, 2, 1, 3, '2015-07-21 16:27:54'),
(883, 2, 1, 2, '2015-04-04 12:23:54'),
(884, 2, 1, 1, '2015-07-07 11:57:54'),
(885, 2, 1, 3, '2015-03-26 14:45:54'),
(886, 2, 1, 4, '2015-02-28 09:30:54'),
(887, 2, 1, 4, '2015-03-25 09:57:54'),
(888, 2, 1, 1, '2015-02-12 15:52:54'),
(889, 2, 1, 1, '2015-07-11 14:02:54'),
(890, 2, 1, 4, '2015-05-03 11:41:54'),
(891, 2, 1, 2, '2015-03-07 11:46:54'),
(892, 2, 1, 1, '2015-04-07 17:03:54'),
(893, 2, 1, 3, '2015-05-20 20:47:54'),
(894, 2, 1, 1, '2015-07-12 14:05:54'),
(895, 2, 1, 3, '2015-07-09 17:08:54'),
(896, 2, 1, 3, '2015-04-13 14:34:54'),
(897, 2, 1, 1, '2015-02-17 16:34:54'),
(898, 2, 1, 4, '2015-03-29 14:15:54'),
(899, 2, 1, 1, '2015-05-12 19:03:54'),
(900, 2, 1, 2, '2015-04-18 12:50:54'),
(901, 2, 1, 2, '2015-01-28 19:29:54'),
(902, 2, 1, 2, '2015-07-16 09:08:54'),
(903, 2, 1, 1, '2015-03-05 15:50:54'),
(904, 2, 1, 3, '2015-07-14 18:32:54'),
(905, 2, 1, 1, '2015-06-04 16:54:54'),
(906, 2, 1, 2, '2015-02-03 15:34:54'),
(907, 2, 1, 4, '2015-06-25 11:53:54'),
(908, 2, 1, 3, '2015-05-23 19:01:54'),
(909, 2, 1, 4, '2015-05-01 15:15:54'),
(910, 2, 1, 1, '2015-06-08 16:14:54'),
(911, 2, 1, 4, '2015-07-12 10:43:54'),
(912, 2, 1, 3, '2015-03-31 12:56:54'),
(913, 2, 1, 1, '2015-04-01 15:29:54'),
(914, 2, 1, 4, '2015-05-11 11:50:54'),
(915, 2, 1, 4, '2015-06-27 20:31:54'),
(916, 2, 1, 4, '2015-03-21 10:50:54'),
(917, 2, 1, 4, '2015-06-17 20:49:54'),
(918, 2, 1, 3, '2015-02-23 18:04:54'),
(919, 2, 1, 2, '2015-06-27 16:19:54'),
(920, 2, 1, 3, '2015-06-03 17:41:54'),
(921, 2, 1, 3, '2015-05-30 09:55:54'),
(922, 2, 1, 4, '2015-03-10 15:34:54'),
(923, 2, 1, 4, '2015-05-13 17:04:54'),
(924, 2, 1, 3, '2015-06-18 09:19:54'),
(925, 2, 1, 2, '2015-06-15 20:05:54'),
(926, 2, 1, 3, '2015-02-22 16:15:54'),
(927, 2, 1, 1, '2015-02-06 13:09:54'),
(928, 2, 1, 3, '2015-03-24 17:20:54'),
(929, 2, 1, 2, '2015-05-02 16:57:54'),
(930, 2, 1, 2, '2015-05-30 17:52:54'),
(931, 2, 1, 2, '2015-06-03 20:48:54'),
(932, 2, 1, 1, '2015-06-30 14:41:54'),
(933, 2, 1, 2, '2015-02-20 14:32:54'),
(934, 2, 1, 1, '2015-01-27 18:00:54'),
(935, 2, 1, 4, '2015-01-23 17:25:54'),
(936, 2, 1, 4, '2015-05-29 12:24:54'),
(937, 2, 1, 2, '2015-05-05 17:16:54'),
(938, 2, 1, 1, '2015-07-05 20:22:54'),
(939, 2, 1, 3, '2015-04-08 11:26:54'),
(940, 2, 1, 3, '2015-03-05 12:40:54'),
(941, 2, 1, 1, '2015-04-15 14:20:54'),
(942, 2, 1, 2, '2015-02-08 20:42:54'),
(943, 2, 1, 2, '2015-05-07 16:55:54'),
(944, 2, 1, 3, '2015-07-03 19:34:54'),
(945, 2, 1, 1, '2015-03-18 11:57:54'),
(946, 2, 1, 2, '2015-06-30 09:37:54'),
(947, 2, 1, 2, '2015-05-28 14:32:54'),
(948, 2, 1, 1, '2015-07-14 13:00:55'),
(949, 2, 1, 3, '2015-05-30 13:23:55'),
(950, 2, 1, 4, '2015-01-29 09:36:55'),
(951, 2, 1, 2, '2015-03-23 14:41:55'),
(952, 2, 1, 2, '2015-05-14 15:32:55'),
(953, 2, 1, 3, '2015-03-01 14:18:55'),
(954, 2, 1, 3, '2015-07-06 10:24:55'),
(955, 2, 1, 3, '2015-05-22 11:49:55'),
(956, 2, 1, 3, '2015-06-17 16:43:55'),
(957, 2, 1, 2, '2015-05-05 19:53:55'),
(958, 2, 1, 2, '2015-02-21 20:06:55'),
(959, 2, 1, 3, '2015-05-12 18:28:55'),
(960, 2, 1, 1, '2015-03-14 17:20:55'),
(961, 2, 1, 1, '2015-02-28 12:10:55'),
(962, 2, 1, 2, '2015-05-26 09:43:55'),
(963, 2, 1, 1, '2015-05-21 11:49:55'),
(964, 2, 1, 3, '2015-03-09 15:19:55'),
(965, 2, 1, 3, '2015-07-19 10:49:55'),
(966, 2, 1, 2, '2015-06-28 10:32:55'),
(967, 2, 1, 4, '2015-05-01 17:25:55'),
(968, 2, 1, 4, '2015-06-08 09:12:55'),
(969, 2, 1, 4, '2015-02-17 11:48:55'),
(970, 2, 1, 3, '2015-06-10 12:29:55'),
(971, 2, 1, 4, '2015-06-21 12:45:55'),
(972, 2, 1, 1, '2015-01-31 15:06:55'),
(973, 2, 1, 2, '2015-03-16 12:50:55'),
(974, 2, 1, 2, '2015-06-06 19:25:55'),
(975, 2, 1, 3, '2015-07-13 14:49:55'),
(976, 2, 1, 2, '2015-04-05 17:52:55'),
(977, 2, 1, 3, '2015-07-16 11:19:55'),
(978, 2, 1, 2, '2015-03-25 11:31:55'),
(979, 2, 1, 3, '2015-01-30 09:59:55'),
(980, 2, 1, 4, '2015-03-15 20:08:55'),
(981, 2, 1, 3, '2015-03-03 14:49:55'),
(982, 2, 1, 1, '2015-01-23 12:41:55'),
(983, 2, 1, 4, '2015-02-27 16:47:55'),
(984, 2, 1, 3, '2015-07-08 13:32:55'),
(985, 2, 1, 1, '2015-05-01 10:07:55'),
(986, 2, 1, 2, '2015-02-04 11:41:55'),
(987, 2, 1, 3, '2015-05-15 20:08:55'),
(988, 2, 1, 2, '2015-07-20 14:52:55'),
(989, 2, 1, 2, '2015-01-25 09:21:55'),
(990, 2, 1, 2, '2015-02-25 14:24:55'),
(991, 2, 1, 1, '2015-01-24 16:14:55'),
(992, 2, 1, 4, '2015-02-01 09:50:55'),
(993, 2, 1, 3, '2015-05-30 13:39:55'),
(994, 2, 1, 2, '2015-07-04 12:48:55'),
(995, 2, 1, 1, '2015-05-12 14:01:55'),
(996, 2, 1, 1, '2015-07-01 20:41:55'),
(997, 2, 1, 2, '2015-03-24 12:37:55'),
(998, 2, 1, 4, '2015-04-09 16:57:55'),
(999, 2, 1, 2, '2015-04-28 10:11:55'),
(1000, 2, 1, 2, '2015-03-03 15:29:55'),
(1001, 2, 1, 1, '2015-02-16 19:40:55'),
(1002, 2, 1, 4, '2015-06-28 12:05:55'),
(1003, 2, 1, 4, '2015-05-18 17:55:55'),
(1004, 2, 1, 4, '2015-05-24 10:28:55'),
(1005, 2, 1, 1, '2015-04-02 13:20:55'),
(1006, 2, 1, 3, '2015-05-18 11:53:55'),
(1007, 2, 1, 4, '2015-04-13 18:12:55'),
(1008, 2, 1, 2, '2015-03-31 15:12:55'),
(1009, 2, 1, 4, '2015-02-05 20:48:55'),
(1010, 2, 1, 2, '2015-05-04 16:12:55'),
(1011, 2, 1, 3, '2015-05-02 13:30:55'),
(1012, 2, 1, 1, '2015-02-13 18:31:55'),
(1013, 2, 1, 4, '2015-06-26 13:43:55'),
(1014, 2, 1, 4, '2015-01-27 14:59:55'),
(1015, 2, 1, 1, '2015-05-12 09:23:55'),
(1016, 2, 1, 1, '2015-04-05 16:19:55'),
(1017, 2, 1, 1, '2015-06-05 17:46:55'),
(1018, 2, 1, 2, '2015-06-18 18:57:55'),
(1019, 2, 1, 4, '2015-04-23 11:37:55'),
(1020, 2, 1, 3, '2015-06-02 16:17:55'),
(1021, 2, 1, 1, '2015-06-22 12:51:55'),
(1022, 2, 1, 4, '2015-03-12 09:28:55'),
(1023, 2, 1, 4, '2015-02-15 10:37:55'),
(1024, 2, 1, 1, '2015-07-06 16:58:55'),
(1025, 2, 1, 2, '2015-06-12 15:02:55'),
(1026, 2, 1, 1, '2015-06-02 11:33:55'),
(1027, 2, 1, 2, '2015-05-28 14:52:55'),
(1028, 2, 1, 3, '2015-04-05 15:00:55'),
(1029, 2, 1, 2, '2015-02-02 14:54:55'),
(1030, 2, 1, 1, '2015-05-20 15:11:55'),
(1031, 2, 1, 3, '2015-04-06 12:39:55'),
(1032, 2, 1, 1, '2015-04-13 19:12:55'),
(1033, 2, 1, 2, '2015-02-24 17:42:55'),
(1034, 2, 1, 3, '2015-03-30 16:57:55'),
(1035, 2, 1, 4, '2015-02-22 15:22:55'),
(1036, 2, 1, 3, '2015-02-20 19:17:55'),
(1037, 2, 1, 3, '2015-05-08 15:40:55'),
(1038, 2, 1, 3, '2015-06-04 11:02:55'),
(1039, 2, 1, 4, '2015-01-28 20:55:55'),
(1040, 2, 1, 3, '2015-01-27 16:11:55'),
(1041, 2, 1, 1, '2015-04-14 14:30:55'),
(1042, 2, 1, 1, '2015-04-02 16:43:55'),
(1043, 2, 1, 1, '2015-02-17 17:14:55'),
(1044, 2, 1, 4, '2015-07-01 13:59:55'),
(1045, 2, 1, 4, '2015-06-01 18:10:55'),
(1046, 2, 1, 4, '2015-04-25 09:22:55'),
(1047, 2, 1, 1, '2015-06-18 12:42:55'),
(1048, 2, 1, 3, '2015-06-06 19:58:55'),
(1049, 2, 1, 1, '2015-03-29 12:54:55'),
(1050, 2, 1, 4, '2015-05-26 09:09:55'),
(1051, 2, 1, 4, '2015-02-17 19:07:55'),
(1052, 2, 1, 4, '2015-05-09 14:30:55'),
(1053, 2, 1, 2, '2015-06-27 09:06:55'),
(1054, 2, 1, 3, '2015-03-07 10:48:55'),
(1055, 2, 1, 3, '2015-06-08 15:06:55'),
(1056, 2, 1, 1, '2015-02-04 19:57:55'),
(1057, 2, 1, 1, '2015-03-08 20:03:55'),
(1058, 2, 1, 3, '2015-01-23 12:40:55'),
(1059, 2, 1, 4, '2015-04-02 20:17:55'),
(1060, 2, 1, 2, '2015-01-25 18:47:55'),
(1061, 2, 1, 3, '2015-02-16 14:10:55'),
(1062, 2, 1, 4, '2015-03-14 18:23:56'),
(1063, 2, 1, 4, '2015-06-28 19:36:56'),
(1064, 2, 1, 1, '2015-02-02 20:43:56'),
(1065, 2, 1, 1, '2015-07-02 19:11:56'),
(1066, 2, 1, 4, '2015-06-19 14:57:56'),
(1067, 2, 1, 1, '2015-07-13 15:08:56'),
(1068, 2, 1, 1, '2015-02-03 17:46:56'),
(1069, 2, 1, 4, '2015-03-18 12:13:56'),
(1070, 2, 1, 3, '2015-06-10 15:53:56'),
(1071, 2, 1, 3, '2015-03-28 18:52:56'),
(1072, 2, 1, 1, '2015-05-01 16:23:56'),
(1073, 2, 1, 1, '2015-02-08 09:06:56'),
(1074, 2, 1, 4, '2015-05-17 14:46:56'),
(1075, 2, 1, 3, '2015-06-04 09:24:56'),
(1076, 2, 1, 1, '2015-04-22 12:34:56'),
(1077, 2, 1, 4, '2015-04-12 10:17:56'),
(1078, 2, 1, 3, '2015-06-07 13:13:56'),
(1079, 2, 1, 3, '2015-05-22 19:37:56'),
(1080, 2, 1, 2, '2015-03-17 12:39:56'),
(1081, 2, 1, 2, '2015-04-14 16:21:56'),
(1082, 2, 1, 2, '2015-03-22 11:16:56'),
(1083, 2, 1, 3, '2015-03-05 17:10:56'),
(1084, 2, 1, 4, '2015-07-12 19:12:56'),
(1085, 2, 1, 2, '2015-07-21 14:22:56'),
(1086, 2, 1, 4, '2015-05-06 15:00:56'),
(1087, 2, 1, 1, '2015-02-23 17:11:56'),
(1088, 2, 1, 1, '2015-02-21 12:36:56'),
(1089, 2, 1, 4, '2015-04-19 19:12:56'),
(1090, 2, 1, 2, '2015-04-15 14:12:56'),
(1091, 2, 1, 2, '2015-06-19 19:31:56'),
(1092, 2, 1, 4, '2015-04-13 14:11:56'),
(1093, 2, 1, 2, '2015-05-27 15:31:56'),
(1094, 1, 3, 3, '2015-07-03 12:44:20'),
(1095, 1, 3, 3, '2015-07-14 18:14:20'),
(1096, 1, 3, 2, '2015-02-21 12:34:20'),
(1097, 1, 3, 3, '2015-01-28 14:40:20'),
(1098, 1, 3, 3, '2015-07-08 19:59:20'),
(1099, 1, 3, 4, '2015-04-06 14:55:20'),
(1100, 1, 3, 1, '2015-03-22 11:25:20'),
(1101, 1, 3, 2, '2015-06-16 19:31:20'),
(1102, 1, 3, 3, '2015-05-08 20:33:20'),
(1103, 1, 3, 4, '2015-07-01 14:51:20'),
(1104, 1, 3, 4, '2015-07-12 18:55:20'),
(1105, 1, 3, 2, '2015-04-04 10:05:20'),
(1106, 1, 3, 4, '2015-07-17 11:59:20'),
(1107, 1, 3, 3, '2015-02-24 09:50:20'),
(1108, 1, 3, 1, '2015-07-16 18:49:20'),
(1109, 1, 3, 2, '2015-01-28 19:22:20'),
(1110, 1, 3, 3, '2015-06-09 09:21:20'),
(1111, 1, 3, 3, '2015-07-20 10:54:20'),
(1112, 1, 3, 2, '2015-04-25 09:29:20'),
(1113, 1, 3, 1, '2015-05-01 11:52:20'),
(1114, 1, 3, 1, '2015-05-19 15:49:20'),
(1115, 1, 3, 4, '2015-05-13 20:14:20'),
(1116, 1, 3, 3, '2015-05-02 20:55:20'),
(1117, 1, 3, 4, '2015-03-15 20:38:20'),
(1118, 1, 3, 2, '2015-03-27 14:09:20'),
(1119, 1, 3, 1, '2015-03-15 19:53:20'),
(1120, 1, 3, 1, '2015-06-10 13:37:20'),
(1121, 1, 3, 3, '2015-02-11 19:14:20'),
(1122, 1, 3, 4, '2015-05-31 15:19:20'),
(1123, 1, 3, 2, '2015-02-08 15:50:20'),
(1124, 1, 3, 1, '2015-03-29 20:33:20'),
(1125, 1, 3, 1, '2015-05-17 20:13:20'),
(1126, 1, 3, 3, '2015-07-17 11:35:20'),
(1127, 1, 3, 4, '2015-03-11 18:33:20'),
(1128, 1, 3, 2, '2015-04-12 09:12:20'),
(1129, 1, 3, 3, '2015-04-25 13:49:20'),
(1130, 1, 3, 2, '2015-05-07 13:55:20'),
(1131, 1, 3, 3, '2015-05-27 16:13:20'),
(1132, 1, 3, 1, '2015-06-07 18:17:20'),
(1133, 1, 3, 1, '2015-04-16 20:20:20'),
(1134, 1, 3, 3, '2015-03-06 20:38:20'),
(1135, 1, 3, 4, '2015-07-08 13:23:20'),
(1136, 1, 3, 3, '2015-06-16 19:10:20'),
(1137, 1, 3, 4, '2015-05-25 11:13:20'),
(1138, 1, 3, 3, '2015-03-25 13:10:20'),
(1139, 1, 3, 4, '2015-06-09 09:05:20'),
(1140, 1, 3, 3, '2015-05-19 12:55:20'),
(1141, 1, 3, 4, '2015-06-26 15:26:20'),
(1142, 1, 3, 2, '2015-04-27 20:33:20'),
(1143, 1, 3, 1, '2015-06-01 10:26:20'),
(1144, 1, 3, 2, '2015-05-08 19:46:20'),
(1145, 1, 3, 1, '2015-03-30 18:33:20'),
(1146, 1, 3, 2, '2015-05-18 12:27:20'),
(1147, 1, 3, 2, '2015-04-09 12:16:20'),
(1148, 1, 3, 2, '2015-05-03 20:56:20'),
(1149, 1, 3, 2, '2015-02-11 17:39:20'),
(1150, 1, 3, 4, '2015-05-18 15:02:20'),
(1151, 1, 3, 4, '2015-05-15 16:03:21'),
(1152, 1, 3, 2, '2015-04-05 11:45:21'),
(1153, 1, 3, 4, '2015-06-17 13:54:21'),
(1154, 1, 3, 1, '2015-04-23 17:35:21'),
(1155, 1, 3, 4, '2015-02-12 14:32:21'),
(1156, 1, 3, 2, '2015-02-20 15:29:21'),
(1157, 1, 3, 1, '2015-01-22 09:24:21'),
(1158, 1, 3, 1, '2015-04-05 17:59:21'),
(1159, 1, 3, 2, '2015-02-16 14:59:21'),
(1160, 1, 3, 4, '2015-01-22 10:15:21'),
(1161, 1, 3, 2, '2015-01-26 14:06:21'),
(1162, 1, 3, 4, '2015-05-22 14:39:21'),
(1163, 1, 3, 2, '2015-03-31 18:40:21'),
(1164, 1, 3, 3, '2015-05-19 14:00:21'),
(1165, 1, 3, 3, '2015-02-14 10:30:21'),
(1166, 1, 3, 3, '2015-03-01 19:18:21'),
(1167, 1, 3, 3, '2015-05-14 15:28:21'),
(1168, 1, 3, 3, '2015-03-02 12:58:21'),
(1169, 1, 3, 3, '2015-05-24 12:43:21'),
(1170, 1, 3, 3, '2015-02-28 10:49:21'),
(1171, 1, 3, 1, '2015-03-06 18:29:21'),
(1172, 1, 3, 4, '2015-05-23 18:37:21'),
(1173, 1, 3, 1, '2015-06-24 13:00:21'),
(1174, 1, 3, 4, '2015-02-11 16:16:21'),
(1175, 1, 3, 3, '2015-03-11 13:23:21'),
(1176, 1, 3, 4, '2015-02-22 16:33:21'),
(1177, 1, 3, 1, '2015-05-13 20:18:21'),
(1178, 1, 3, 1, '2015-04-17 12:06:21'),
(1179, 1, 3, 4, '2015-03-17 19:10:21'),
(1180, 1, 3, 1, '2015-07-09 10:35:21'),
(1181, 1, 3, 4, '2015-07-09 17:04:21'),
(1182, 1, 3, 2, '2015-04-05 11:45:21'),
(1183, 1, 3, 1, '2015-03-26 12:44:21'),
(1184, 1, 3, 1, '2015-04-02 11:36:21'),
(1185, 1, 3, 1, '2015-06-20 14:10:21'),
(1186, 1, 3, 2, '2015-01-30 18:47:21'),
(1187, 1, 3, 3, '2015-07-01 15:28:21'),
(1188, 1, 3, 3, '2015-03-25 12:47:21'),
(1189, 1, 3, 1, '2015-01-29 12:21:21'),
(1190, 1, 3, 2, '2015-06-21 12:41:21'),
(1191, 1, 3, 2, '2015-02-18 18:33:21'),
(1192, 1, 3, 3, '2015-06-08 13:36:21'),
(1193, 1, 3, 2, '2015-03-18 18:19:21'),
(1194, 1, 3, 2, '2015-04-25 12:24:21'),
(1195, 1, 3, 1, '2015-03-22 14:24:21'),
(1196, 1, 3, 1, '2015-03-16 09:38:21'),
(1197, 1, 3, 3, '2015-07-16 17:35:21'),
(1198, 1, 3, 3, '2015-02-04 11:21:21'),
(1199, 1, 3, 3, '2015-03-10 10:18:21'),
(1200, 1, 3, 3, '2015-03-11 16:47:21'),
(1201, 1, 3, 1, '2015-02-19 16:59:21'),
(1202, 1, 3, 2, '2015-06-26 14:05:21'),
(1203, 1, 3, 4, '2015-06-20 12:11:21'),
(1204, 1, 3, 1, '2015-04-04 10:07:21'),
(1205, 1, 3, 3, '2015-04-06 20:46:21'),
(1206, 1, 3, 3, '2015-03-22 11:05:21'),
(1207, 1, 3, 4, '2015-01-25 15:43:21'),
(1208, 1, 3, 1, '2015-04-20 17:50:21'),
(1209, 1, 3, 3, '2015-07-13 10:50:21'),
(1210, 1, 3, 2, '2015-05-30 11:17:21'),
(1211, 1, 3, 2, '2015-05-10 11:58:21'),
(1212, 1, 3, 2, '2015-03-30 19:20:21'),
(1213, 1, 3, 1, '2015-05-03 18:13:21'),
(1214, 1, 3, 2, '2015-02-27 10:02:21'),
(1215, 1, 3, 1, '2015-02-19 14:57:21'),
(1216, 1, 3, 3, '2015-06-13 14:13:21'),
(1217, 1, 3, 2, '2015-06-09 18:09:21'),
(1218, 1, 3, 3, '2015-03-10 10:18:21'),
(1219, 1, 3, 4, '2015-06-03 09:27:21'),
(1220, 1, 3, 3, '2015-06-06 12:39:21'),
(1221, 1, 3, 2, '2015-03-27 16:09:21'),
(1222, 1, 3, 2, '2015-04-18 16:08:21'),
(1223, 1, 3, 2, '2015-01-29 12:57:21'),
(1224, 1, 3, 2, '2015-04-01 19:50:21'),
(1225, 1, 3, 3, '2015-07-18 14:04:21'),
(1226, 1, 3, 1, '2015-07-09 13:50:21'),
(1227, 1, 3, 1, '2015-05-28 16:57:21'),
(1228, 1, 3, 1, '2015-02-02 16:41:21'),
(1229, 1, 3, 3, '2015-02-15 20:19:21'),
(1230, 1, 3, 2, '2015-03-07 13:00:21'),
(1231, 1, 3, 3, '2015-05-26 15:17:21'),
(1232, 1, 3, 4, '2015-07-06 10:49:21'),
(1233, 1, 3, 4, '2015-05-20 09:00:21'),
(1234, 1, 3, 2, '2015-05-24 12:58:21'),
(1235, 1, 3, 4, '2015-03-13 14:54:21'),
(1236, 1, 3, 2, '2015-06-29 12:39:21'),
(1237, 1, 3, 2, '2015-03-29 11:33:21'),
(1238, 1, 3, 2, '2015-01-24 13:10:21'),
(1239, 1, 3, 3, '2015-06-10 19:51:21'),
(1240, 1, 3, 4, '2015-03-10 15:34:21'),
(1241, 1, 3, 4, '2015-02-01 14:31:21'),
(1242, 1, 3, 1, '2015-07-12 15:08:21'),
(1243, 1, 3, 2, '2015-02-02 19:50:21'),
(1244, 1, 3, 3, '2015-03-14 13:59:21'),
(1245, 1, 3, 2, '2015-05-26 12:48:21'),
(1246, 1, 3, 3, '2015-07-19 18:13:21'),
(1247, 1, 3, 4, '2015-02-22 10:53:21'),
(1248, 1, 3, 1, '2015-05-07 11:20:21'),
(1249, 1, 3, 2, '2015-01-25 20:24:21'),
(1250, 1, 3, 1, '2015-02-22 11:49:21'),
(1251, 1, 3, 1, '2015-04-22 19:05:21'),
(1252, 1, 3, 1, '2015-05-31 20:24:21'),
(1253, 1, 3, 2, '2015-04-13 12:29:21'),
(1254, 1, 3, 3, '2015-05-12 15:31:21'),
(1255, 1, 3, 1, '2015-05-16 15:55:21'),
(1256, 1, 3, 2, '2015-05-04 19:17:21'),
(1257, 1, 3, 2, '2015-04-17 17:50:21'),
(1258, 1, 3, 4, '2015-05-31 12:54:21'),
(1259, 1, 3, 3, '2015-03-28 17:32:21'),
(1260, 1, 3, 4, '2015-02-06 20:40:21'),
(1261, 1, 3, 4, '2015-03-11 16:47:21'),
(1262, 1, 3, 3, '2015-04-07 09:36:21'),
(1263, 1, 3, 2, '2015-04-05 09:38:21'),
(1264, 1, 3, 2, '2015-03-06 12:58:21'),
(1265, 1, 3, 4, '2015-01-28 17:45:21'),
(1266, 1, 3, 3, '2015-03-23 18:12:21'),
(1267, 1, 3, 4, '2015-03-23 16:22:21'),
(1268, 1, 3, 1, '2015-06-06 11:35:21'),
(1269, 1, 3, 3, '2015-07-04 12:44:21'),
(1270, 1, 3, 2, '2015-03-25 13:06:21'),
(1271, 1, 3, 2, '2015-06-23 09:01:21'),
(1272, 1, 3, 3, '2015-06-08 10:28:21'),
(1273, 1, 3, 3, '2015-04-06 14:45:21'),
(1274, 1, 3, 1, '2015-02-05 15:46:21'),
(1275, 1, 3, 2, '2015-04-09 15:18:21'),
(1276, 1, 3, 1, '2015-02-08 13:58:21'),
(1277, 1, 3, 3, '2015-03-26 14:57:21'),
(1278, 1, 3, 4, '2015-05-15 12:03:21'),
(1279, 1, 3, 4, '2015-06-05 18:28:21'),
(1280, 1, 3, 1, '2015-04-21 15:46:21'),
(1281, 1, 3, 2, '2015-01-31 19:39:21'),
(1282, 1, 3, 3, '2015-01-28 12:08:21'),
(1283, 1, 3, 3, '2015-02-17 10:04:21'),
(1284, 1, 3, 4, '2015-07-01 12:56:21'),
(1285, 1, 3, 1, '2015-03-08 11:52:21'),
(1286, 1, 3, 4, '2015-07-12 19:09:21'),
(1287, 1, 3, 1, '2015-04-27 13:20:21'),
(1288, 1, 3, 1, '2015-04-04 20:13:21'),
(1289, 1, 3, 2, '2015-07-09 12:46:22'),
(1290, 1, 3, 3, '2015-03-31 20:49:22'),
(1291, 1, 3, 1, '2015-01-22 14:34:22'),
(1292, 1, 3, 3, '2015-04-08 12:03:22'),
(1293, 1, 3, 4, '2015-02-01 09:11:22'),
(1294, 1, 3, 3, '2015-04-23 11:18:22'),
(1295, 1, 3, 3, '2015-01-26 12:10:22'),
(1296, 1, 3, 3, '2015-06-27 11:53:22'),
(1297, 1, 3, 3, '2015-03-01 14:38:22'),
(1298, 1, 3, 2, '2015-04-07 12:10:22'),
(1299, 1, 3, 4, '2015-05-14 12:08:22'),
(1300, 1, 3, 3, '2015-06-06 12:37:22'),
(1301, 1, 3, 3, '2015-06-08 10:54:22'),
(1302, 1, 3, 4, '2015-05-28 10:56:22'),
(1303, 1, 3, 2, '2015-02-13 10:32:22'),
(1304, 1, 3, 4, '2015-07-15 10:17:22'),
(1305, 1, 3, 4, '2015-02-10 13:41:22'),
(1306, 1, 3, 4, '2015-05-07 17:12:22'),
(1307, 1, 3, 1, '2015-03-12 20:14:22'),
(1308, 1, 3, 3, '2015-04-06 12:56:22'),
(1309, 1, 3, 2, '2015-05-22 13:01:22'),
(1310, 1, 3, 2, '2015-06-30 14:50:22'),
(1311, 1, 3, 1, '2015-06-20 12:13:22'),
(1312, 1, 3, 4, '2015-07-15 17:39:22'),
(1313, 1, 3, 3, '2015-07-09 19:01:22'),
(1314, 1, 3, 2, '2015-03-18 20:07:22'),
(1315, 1, 3, 2, '2015-04-25 14:09:22'),
(1316, 1, 3, 1, '2015-06-27 16:00:22'),
(1317, 1, 3, 2, '2015-03-20 14:39:22'),
(1318, 1, 3, 1, '2015-02-18 13:50:22'),
(1319, 1, 3, 1, '2015-04-25 15:35:22'),
(1320, 1, 3, 4, '2015-05-06 18:12:22'),
(1321, 1, 3, 3, '2015-02-28 11:06:22'),
(1322, 1, 3, 3, '2015-04-16 10:27:22'),
(1323, 1, 3, 2, '2015-04-30 11:21:22'),
(1324, 1, 3, 1, '2015-03-13 20:20:22'),
(1325, 1, 3, 3, '2015-06-07 10:48:22'),
(1326, 1, 3, 3, '2015-05-17 18:05:22'),
(1327, 1, 3, 4, '2015-07-15 10:23:22'),
(1328, 1, 3, 3, '2015-06-12 18:33:22'),
(1329, 1, 3, 3, '2015-04-06 14:26:22'),
(1330, 1, 3, 2, '2015-06-06 11:49:22'),
(1331, 1, 3, 2, '2015-07-10 20:39:22'),
(1332, 1, 3, 1, '2015-06-11 20:35:22'),
(1333, 1, 3, 3, '2015-04-11 11:45:22'),
(1334, 1, 3, 4, '2015-06-14 15:23:22'),
(1335, 1, 3, 1, '2015-05-02 13:58:22'),
(1336, 1, 3, 1, '2015-04-26 18:08:22'),
(1337, 1, 3, 3, '2015-03-04 19:55:22'),
(1338, 1, 3, 1, '2015-03-23 12:12:22'),
(1339, 1, 3, 4, '2015-03-28 15:03:22'),
(1340, 1, 3, 3, '2015-02-21 20:06:22'),
(1341, 1, 3, 1, '2015-03-15 15:25:22'),
(1342, 1, 3, 4, '2015-05-28 15:52:22'),
(1343, 1, 3, 1, '2015-03-06 17:30:22'),
(1344, 1, 3, 1, '2015-06-18 12:58:22');
INSERT INTO `answers` (`id`, `office_id`, `question_id`, `answer`, `time`) VALUES
(1345, 1, 3, 3, '2015-02-16 10:11:22'),
(1346, 1, 3, 3, '2015-03-05 20:54:22'),
(1347, 1, 3, 2, '2015-02-10 09:48:22'),
(1348, 1, 3, 2, '2015-02-17 16:44:22'),
(1349, 1, 3, 1, '2015-06-25 13:29:22'),
(1350, 1, 3, 1, '2015-07-12 11:32:22'),
(1351, 1, 3, 2, '2015-01-24 16:17:22'),
(1352, 1, 3, 3, '2015-05-09 10:00:22'),
(1353, 1, 3, 3, '2015-04-08 17:04:22'),
(1354, 1, 3, 2, '2015-02-21 11:42:22'),
(1355, 1, 3, 1, '2015-03-15 12:20:22'),
(1356, 1, 3, 3, '2015-05-03 15:22:22'),
(1357, 1, 3, 4, '2015-04-03 20:36:22'),
(1358, 1, 3, 1, '2015-03-04 12:08:22'),
(1359, 1, 3, 2, '2015-02-03 16:51:22'),
(1360, 1, 3, 4, '2015-02-02 11:19:22'),
(1361, 1, 3, 2, '2015-03-01 15:21:22'),
(1362, 1, 3, 4, '2015-07-09 17:14:22'),
(1363, 1, 3, 3, '2015-05-27 17:46:22'),
(1364, 1, 3, 1, '2015-05-28 17:14:22'),
(1365, 1, 3, 2, '2015-03-08 13:54:22'),
(1366, 1, 3, 1, '2015-02-08 14:21:22'),
(1367, 1, 3, 4, '2015-06-09 16:23:22'),
(1368, 1, 3, 2, '2015-05-25 16:55:22'),
(1369, 1, 3, 4, '2015-02-14 16:32:22'),
(1370, 1, 3, 3, '2015-06-25 11:43:22'),
(1371, 1, 3, 2, '2015-06-04 13:58:22'),
(1372, 1, 3, 1, '2015-06-16 13:39:22'),
(1373, 1, 3, 4, '2015-02-24 18:30:22'),
(1374, 1, 3, 3, '2015-05-05 16:37:22'),
(1375, 1, 3, 2, '2015-01-31 12:27:22'),
(1376, 1, 3, 4, '2015-03-28 13:39:22'),
(1377, 1, 3, 1, '2015-05-29 18:20:22'),
(1378, 1, 3, 2, '2015-02-06 14:14:22'),
(1379, 1, 3, 2, '2015-05-28 12:16:22'),
(1380, 1, 3, 2, '2015-07-19 09:58:22'),
(1381, 1, 3, 3, '2015-02-17 19:40:22'),
(1382, 1, 3, 3, '2015-02-08 09:01:22'),
(1383, 1, 3, 2, '2015-01-22 13:56:22'),
(1384, 1, 3, 1, '2015-02-26 18:40:22'),
(1385, 1, 3, 4, '2015-04-02 12:13:22'),
(1386, 1, 3, 1, '2015-03-06 11:58:22'),
(1387, 1, 3, 1, '2015-02-22 20:07:22'),
(1388, 1, 3, 3, '2015-04-13 14:13:22'),
(1389, 1, 3, 4, '2015-06-04 18:57:22'),
(1390, 1, 3, 1, '2015-02-09 09:51:22'),
(1391, 1, 3, 2, '2015-04-02 17:01:22'),
(1392, 1, 3, 3, '2015-04-01 20:32:22'),
(1393, 1, 3, 2, '2015-01-28 10:06:22'),
(1394, 1, 3, 1, '2015-04-11 09:30:22'),
(1395, 1, 3, 1, '2015-06-22 12:44:22'),
(1396, 1, 3, 3, '2015-06-28 19:01:22'),
(1397, 1, 3, 2, '2015-04-28 09:41:22'),
(1398, 1, 3, 2, '2015-05-24 13:25:22'),
(1399, 1, 3, 2, '2015-04-12 09:19:22'),
(1400, 1, 3, 4, '2015-01-22 15:18:22'),
(1401, 1, 3, 3, '2015-03-06 19:10:22'),
(1402, 1, 3, 3, '2015-05-11 12:16:22'),
(1403, 1, 3, 2, '2015-02-21 09:56:22'),
(1404, 1, 3, 3, '2015-01-31 18:47:22'),
(1405, 1, 3, 1, '2015-02-12 18:38:22'),
(1406, 1, 3, 4, '2015-02-02 11:56:22'),
(1407, 1, 3, 4, '2015-02-09 10:28:22'),
(1408, 1, 3, 4, '2015-07-03 11:18:22'),
(1409, 1, 3, 3, '2015-04-11 19:28:22'),
(1410, 1, 3, 2, '2015-07-15 11:23:22'),
(1411, 1, 3, 4, '2015-05-02 16:00:22'),
(1412, 1, 3, 2, '2015-02-11 10:21:22'),
(1413, 1, 3, 1, '2015-01-22 12:25:22'),
(1414, 1, 3, 3, '2015-06-30 12:18:22'),
(1415, 1, 3, 4, '2015-03-11 10:10:22'),
(1416, 1, 3, 4, '2015-04-11 10:05:22'),
(1417, 1, 3, 4, '2015-02-21 18:11:23'),
(1418, 1, 3, 2, '2015-02-06 09:33:23'),
(1419, 1, 3, 1, '2015-03-27 12:09:23'),
(1420, 1, 3, 2, '2015-03-29 11:07:23'),
(1421, 1, 3, 4, '2015-01-24 12:01:23'),
(1422, 1, 3, 1, '2015-03-19 11:39:23'),
(1423, 1, 3, 3, '2015-07-20 14:33:23'),
(1424, 1, 3, 1, '2015-07-10 16:19:23'),
(1425, 1, 3, 3, '2015-06-05 12:35:23'),
(1426, 1, 3, 3, '2015-07-08 15:29:23'),
(1427, 1, 3, 3, '2015-05-31 18:16:23'),
(1428, 1, 3, 1, '2015-02-25 11:07:23'),
(1429, 1, 3, 4, '2015-03-04 20:45:23'),
(1430, 1, 3, 1, '2015-06-23 20:46:23'),
(1431, 1, 3, 4, '2015-05-17 18:50:23'),
(1432, 1, 3, 2, '2015-05-02 11:01:23'),
(1433, 1, 3, 1, '2015-04-07 19:52:23'),
(1434, 1, 3, 3, '2015-05-26 19:54:23'),
(1435, 1, 3, 3, '2015-06-28 18:17:23'),
(1436, 1, 3, 3, '2015-02-20 18:18:23'),
(1437, 1, 3, 4, '2015-03-18 17:28:23'),
(1438, 1, 3, 3, '2015-07-02 18:01:23'),
(1439, 1, 3, 3, '2015-03-05 11:38:23'),
(1440, 1, 3, 4, '2015-07-18 17:39:23'),
(1441, 1, 3, 1, '2015-05-30 19:15:23'),
(1442, 1, 3, 4, '2015-04-12 18:44:23'),
(1443, 1, 3, 3, '2015-05-26 11:13:23'),
(1444, 1, 3, 4, '2015-02-17 10:26:23'),
(1445, 1, 3, 4, '2015-02-16 09:58:23'),
(1446, 1, 3, 2, '2015-05-22 17:12:23'),
(1447, 1, 3, 4, '2015-03-31 10:14:23'),
(1448, 1, 3, 3, '2015-03-27 15:18:23'),
(1449, 1, 3, 2, '2015-06-06 10:21:23'),
(1450, 1, 3, 2, '2015-06-23 18:24:23'),
(1451, 1, 3, 4, '2015-03-02 16:49:23'),
(1452, 1, 3, 1, '2015-05-12 17:24:23'),
(1453, 1, 3, 3, '2015-06-06 17:29:23'),
(1454, 1, 3, 1, '2015-02-14 09:19:23'),
(1455, 1, 3, 1, '2015-05-30 16:16:23'),
(1456, 1, 3, 3, '2015-05-29 19:15:23'),
(1457, 1, 3, 2, '2015-05-13 10:10:23'),
(1458, 1, 3, 1, '2015-03-04 20:52:23'),
(1459, 1, 3, 3, '2015-02-10 16:34:23'),
(1460, 1, 3, 1, '2015-01-31 11:47:23'),
(1461, 1, 3, 4, '2015-02-24 12:17:23'),
(1462, 1, 3, 2, '2015-05-22 20:52:23'),
(1463, 1, 3, 2, '2015-06-18 13:46:23'),
(1464, 1, 3, 1, '2015-02-27 18:59:23'),
(1465, 1, 3, 4, '2015-04-06 10:47:23'),
(1466, 1, 3, 4, '2015-02-27 17:01:23'),
(1467, 1, 3, 4, '2015-05-30 17:33:23'),
(1468, 1, 3, 3, '2015-01-22 12:53:23'),
(1469, 1, 3, 4, '2015-07-13 15:59:23'),
(1470, 1, 3, 3, '2015-01-31 09:55:23'),
(1471, 1, 3, 1, '2015-05-25 14:17:23'),
(1472, 1, 3, 4, '2015-01-28 19:36:23'),
(1473, 1, 3, 4, '2015-04-01 10:50:23'),
(1474, 1, 3, 3, '2015-03-14 20:24:23'),
(1475, 1, 3, 3, '2015-02-02 18:36:23'),
(1476, 1, 3, 3, '2015-07-21 11:48:23'),
(1477, 1, 3, 4, '2015-07-09 09:34:23'),
(1478, 1, 3, 3, '2015-03-25 10:20:23'),
(1479, 1, 3, 4, '2015-05-02 14:14:23'),
(1480, 1, 3, 1, '2015-04-06 13:29:23'),
(1481, 1, 3, 2, '2015-04-12 19:08:23'),
(1482, 1, 3, 2, '2015-03-06 18:05:23'),
(1483, 1, 3, 3, '2015-02-27 20:34:23'),
(1484, 1, 3, 4, '2015-04-29 09:15:23'),
(1485, 1, 3, 3, '2015-05-21 19:42:23'),
(1486, 1, 3, 2, '2015-01-29 10:53:23'),
(1487, 1, 3, 4, '2015-02-09 17:22:23'),
(1488, 1, 3, 3, '2015-06-20 18:58:23'),
(1489, 1, 3, 2, '2015-07-17 18:04:23'),
(1490, 1, 3, 1, '2015-06-05 20:11:23'),
(1491, 1, 3, 1, '2015-04-26 09:41:23'),
(1492, 1, 3, 4, '2015-02-28 10:58:23'),
(1493, 1, 3, 1, '2015-04-25 15:28:23'),
(1494, 1, 3, 1, '2015-02-05 10:30:23'),
(1495, 1, 3, 1, '2015-06-08 09:43:23'),
(1496, 1, 3, 1, '2015-04-06 12:08:23'),
(1497, 1, 3, 2, '2015-06-07 20:42:23'),
(1498, 1, 3, 2, '2015-04-30 18:30:23'),
(1499, 1, 3, 4, '2015-06-26 10:55:23'),
(1500, 1, 3, 3, '2015-06-21 18:42:23'),
(1501, 1, 3, 1, '2015-05-29 17:05:23'),
(1502, 1, 3, 2, '2015-03-25 19:23:23'),
(1503, 1, 3, 3, '2015-05-21 15:43:23'),
(1504, 1, 3, 2, '2015-06-20 11:04:23'),
(1505, 1, 3, 1, '2015-05-29 13:51:23'),
(1506, 1, 3, 3, '2015-03-23 14:38:23'),
(1507, 1, 3, 3, '2015-07-08 13:48:23'),
(1508, 1, 3, 3, '2015-06-04 19:55:23'),
(1509, 1, 3, 2, '2015-03-07 15:34:23'),
(1510, 1, 3, 2, '2015-04-15 14:53:23'),
(1511, 1, 3, 2, '2015-03-08 20:03:23'),
(1512, 1, 3, 1, '2015-04-14 19:08:23'),
(1513, 1, 3, 4, '2015-03-13 20:10:23'),
(1514, 1, 3, 1, '2015-02-20 15:28:23'),
(1515, 1, 3, 2, '2015-07-06 19:57:23'),
(1516, 1, 3, 1, '2015-06-23 09:43:23'),
(1517, 1, 3, 3, '2015-02-15 12:04:23'),
(1518, 1, 3, 3, '2015-04-16 18:41:23'),
(1519, 1, 3, 2, '2015-07-02 09:31:23'),
(1520, 1, 3, 3, '2015-03-13 18:05:23'),
(1521, 1, 3, 3, '2015-04-02 18:57:23'),
(1522, 1, 3, 3, '2015-06-08 10:46:23'),
(1523, 1, 3, 1, '2015-05-20 16:23:23'),
(1524, 1, 3, 3, '2015-02-12 20:14:23'),
(1525, 1, 3, 1, '2015-06-13 18:32:23'),
(1526, 1, 3, 3, '2015-03-13 18:08:23'),
(1527, 1, 3, 4, '2015-02-20 11:31:23'),
(1528, 1, 3, 1, '2015-03-31 12:09:23'),
(1529, 1, 3, 4, '2015-04-28 14:14:23'),
(1530, 1, 3, 4, '2015-05-09 19:42:23'),
(1531, 1, 3, 4, '2015-01-31 14:47:23'),
(1532, 1, 3, 4, '2015-02-20 14:28:23'),
(1533, 1, 3, 4, '2015-02-15 19:49:23'),
(1534, 1, 3, 2, '2015-06-12 14:32:23'),
(1535, 1, 3, 3, '2015-07-02 12:00:23'),
(1536, 1, 3, 1, '2015-05-26 19:23:23'),
(1537, 1, 3, 3, '2015-06-03 16:06:23'),
(1538, 1, 3, 1, '2015-03-13 09:36:23'),
(1539, 1, 3, 4, '2015-06-02 17:34:23'),
(1540, 1, 3, 2, '2015-06-03 16:23:23'),
(1541, 1, 3, 2, '2015-07-05 12:01:23'),
(1542, 1, 3, 2, '2015-06-15 16:22:23'),
(1543, 1, 3, 4, '2015-04-04 10:02:23'),
(1544, 1, 3, 1, '2015-02-20 19:18:23'),
(1545, 1, 3, 3, '2015-03-07 10:31:23'),
(1546, 1, 3, 3, '2015-07-14 14:52:23'),
(1547, 1, 3, 3, '2015-01-26 10:58:23'),
(1548, 1, 3, 2, '2015-01-26 20:30:23'),
(1549, 1, 3, 2, '2015-03-14 20:12:23'),
(1550, 1, 3, 1, '2015-04-03 11:25:23'),
(1551, 1, 3, 4, '2015-07-01 11:09:23'),
(1552, 1, 3, 4, '2015-06-17 09:26:23'),
(1553, 1, 3, 2, '2015-03-18 10:17:23'),
(1554, 1, 3, 3, '2015-03-07 18:53:23'),
(1555, 1, 3, 1, '2015-07-04 19:53:23'),
(1556, 1, 3, 3, '2015-05-22 17:21:23'),
(1557, 1, 3, 4, '2015-02-19 12:47:23'),
(1558, 1, 3, 1, '2015-04-21 14:01:23'),
(1559, 1, 3, 3, '2015-07-03 17:01:23'),
(1560, 1, 3, 2, '2015-06-25 15:03:23'),
(1561, 1, 3, 4, '2015-06-18 19:20:23'),
(1562, 1, 3, 2, '2015-05-19 09:59:23'),
(1563, 1, 3, 1, '2015-05-15 20:25:23'),
(1564, 1, 3, 2, '2015-06-22 12:36:23'),
(1565, 1, 3, 4, '2015-06-16 19:11:23'),
(1566, 1, 3, 2, '2015-02-01 14:37:23'),
(1567, 1, 3, 3, '2015-04-17 20:30:23'),
(1568, 1, 3, 2, '2015-03-22 14:20:24'),
(1569, 1, 3, 1, '2015-01-30 10:51:24'),
(1570, 1, 3, 3, '2015-03-30 18:15:24'),
(1571, 1, 3, 1, '2015-04-21 18:12:24'),
(1572, 1, 2, 1, '2015-03-11 18:29:32'),
(1573, 1, 2, 3, '2015-03-17 10:56:32'),
(1574, 1, 2, 2, '2015-02-24 14:59:32'),
(1575, 1, 2, 4, '2015-04-17 13:46:32'),
(1576, 1, 2, 1, '2015-05-28 17:21:32'),
(1577, 1, 2, 1, '2015-03-05 17:16:32'),
(1578, 1, 2, 3, '2015-06-04 10:46:32'),
(1579, 1, 2, 2, '2015-06-17 16:29:32'),
(1580, 1, 2, 1, '2015-03-14 10:16:32'),
(1581, 1, 2, 1, '2015-04-25 15:17:32'),
(1582, 1, 2, 3, '2015-03-25 14:46:32'),
(1583, 1, 2, 3, '2015-05-27 15:28:32'),
(1584, 1, 2, 4, '2015-04-07 17:05:32'),
(1585, 1, 2, 3, '2015-01-23 17:27:32'),
(1586, 1, 2, 2, '2015-05-04 15:36:32'),
(1587, 1, 2, 1, '2015-03-08 11:01:32'),
(1588, 1, 2, 4, '2015-03-29 09:47:32'),
(1589, 1, 2, 2, '2015-01-28 18:52:32'),
(1590, 1, 2, 4, '2015-03-21 19:28:32'),
(1591, 1, 2, 2, '2015-01-27 10:33:32'),
(1592, 1, 2, 4, '2015-05-09 20:10:32'),
(1593, 1, 2, 4, '2015-04-16 14:27:32'),
(1594, 1, 2, 2, '2015-02-03 15:13:32'),
(1595, 1, 2, 2, '2015-05-20 13:04:32'),
(1596, 1, 2, 2, '2015-06-21 14:47:32'),
(1597, 1, 2, 4, '2015-01-28 17:24:32'),
(1598, 1, 2, 1, '2015-07-09 15:38:32'),
(1599, 1, 2, 3, '2015-07-20 11:44:32'),
(1600, 1, 2, 1, '2015-06-28 11:03:32'),
(1601, 1, 2, 2, '2015-02-06 15:40:32'),
(1602, 1, 2, 3, '2015-04-07 16:04:32'),
(1603, 1, 2, 1, '2015-06-23 14:55:32'),
(1604, 1, 2, 1, '2015-04-11 08:59:32'),
(1605, 1, 2, 3, '2015-05-27 13:04:32'),
(1606, 1, 2, 3, '2015-02-25 16:14:32'),
(1607, 1, 2, 2, '2015-06-18 11:51:32'),
(1608, 1, 2, 2, '2015-05-10 17:07:32'),
(1609, 1, 2, 2, '2015-01-27 09:11:32'),
(1610, 1, 2, 4, '2015-05-30 10:19:32'),
(1611, 1, 2, 2, '2015-01-25 15:56:32'),
(1612, 1, 2, 4, '2015-06-02 09:44:32'),
(1613, 1, 2, 4, '2015-05-17 18:53:32'),
(1614, 1, 2, 1, '2015-07-06 12:23:32'),
(1615, 1, 2, 1, '2015-04-11 16:36:32'),
(1616, 1, 2, 2, '2015-03-08 12:50:32'),
(1617, 1, 2, 4, '2015-05-04 13:05:32'),
(1618, 1, 2, 1, '2015-07-12 11:49:32'),
(1619, 1, 2, 1, '2015-02-14 19:58:32'),
(1620, 1, 2, 1, '2015-06-23 11:50:32'),
(1621, 1, 2, 2, '2015-05-11 09:04:32'),
(1622, 1, 2, 2, '2015-02-23 15:58:32'),
(1623, 1, 2, 2, '2015-05-08 15:22:32'),
(1624, 1, 2, 4, '2015-02-18 10:10:32'),
(1625, 1, 2, 4, '2015-02-26 09:38:32'),
(1626, 1, 2, 1, '2015-04-27 10:43:32'),
(1627, 1, 2, 1, '2015-02-14 10:37:32'),
(1628, 1, 2, 4, '2015-06-06 13:50:32'),
(1629, 1, 2, 2, '2015-02-27 09:58:32'),
(1630, 1, 2, 4, '2015-05-26 13:30:32'),
(1631, 1, 2, 1, '2015-01-31 09:53:32'),
(1632, 1, 2, 1, '2015-03-21 09:23:32'),
(1633, 1, 2, 2, '2015-03-05 18:17:32'),
(1634, 1, 2, 1, '2015-07-09 13:37:32'),
(1635, 1, 2, 3, '2015-03-22 13:42:32'),
(1636, 1, 2, 3, '2015-05-27 15:15:32'),
(1637, 1, 2, 1, '2015-07-10 18:40:32'),
(1638, 1, 2, 3, '2015-02-10 10:50:32'),
(1639, 1, 2, 1, '2015-05-18 20:53:32'),
(1640, 1, 2, 1, '2015-07-14 18:19:32'),
(1641, 1, 2, 4, '2015-02-18 10:37:32'),
(1642, 1, 2, 1, '2015-05-28 14:39:32'),
(1643, 1, 2, 1, '2015-03-10 12:30:32'),
(1644, 1, 2, 4, '2015-02-01 14:08:32'),
(1645, 1, 2, 4, '2015-06-29 18:24:32'),
(1646, 1, 2, 1, '2015-07-13 13:57:32'),
(1647, 1, 2, 2, '2015-05-06 10:51:32'),
(1648, 1, 2, 1, '2015-04-17 15:05:32'),
(1649, 1, 2, 4, '2015-05-16 11:38:32'),
(1650, 1, 2, 4, '2015-06-06 14:38:32'),
(1651, 1, 2, 3, '2015-06-22 15:45:32'),
(1652, 1, 2, 2, '2015-02-17 12:49:32'),
(1653, 1, 2, 2, '2015-07-16 10:25:32'),
(1654, 1, 2, 4, '2015-06-29 10:20:32'),
(1655, 1, 2, 1, '2015-04-12 13:51:32'),
(1656, 1, 2, 4, '2015-02-04 09:42:32'),
(1657, 1, 2, 3, '2015-07-15 11:08:32'),
(1658, 1, 2, 2, '2015-03-15 10:23:32'),
(1659, 1, 2, 2, '2015-05-28 17:09:32'),
(1660, 1, 2, 4, '2015-02-07 10:04:32'),
(1661, 1, 2, 3, '2015-07-21 11:08:32'),
(1662, 1, 2, 2, '2015-02-12 12:40:32'),
(1663, 1, 2, 1, '2015-06-03 19:24:32'),
(1664, 1, 2, 4, '2015-04-03 17:17:32'),
(1665, 1, 2, 2, '2015-07-04 20:43:32'),
(1666, 1, 2, 2, '2015-05-03 13:11:32'),
(1667, 1, 2, 1, '2015-04-06 15:29:32'),
(1668, 1, 2, 2, '2015-02-15 13:37:32'),
(1669, 1, 2, 1, '2015-07-19 10:05:32'),
(1670, 1, 2, 4, '2015-06-02 11:00:32'),
(1671, 1, 2, 3, '2015-07-13 15:28:32'),
(1672, 1, 2, 2, '2015-02-20 13:45:32'),
(1673, 1, 2, 1, '2015-03-21 14:00:32'),
(1674, 1, 2, 3, '2015-03-26 10:32:32'),
(1675, 1, 2, 3, '2015-03-13 13:01:32'),
(1676, 1, 2, 1, '2015-04-16 13:04:32'),
(1677, 1, 2, 4, '2015-05-27 20:14:32'),
(1678, 1, 2, 4, '2015-06-06 19:10:32'),
(1679, 1, 2, 4, '2015-06-21 19:04:32'),
(1680, 1, 2, 3, '2015-05-18 15:58:32'),
(1681, 1, 2, 4, '2015-05-07 16:36:32'),
(1682, 1, 2, 4, '2015-01-31 17:42:32'),
(1683, 1, 2, 4, '2015-07-21 14:02:32'),
(1684, 1, 2, 2, '2015-06-04 17:29:32'),
(1685, 1, 2, 1, '2015-04-28 19:53:32'),
(1686, 1, 2, 3, '2015-06-14 13:21:32'),
(1687, 1, 2, 4, '2015-03-13 11:21:32'),
(1688, 1, 2, 3, '2015-07-12 09:29:32'),
(1689, 1, 2, 1, '2015-06-24 20:47:32'),
(1690, 1, 2, 3, '2015-06-25 16:31:32'),
(1691, 1, 2, 3, '2015-05-23 16:04:32'),
(1692, 1, 2, 1, '2015-06-04 10:40:32'),
(1693, 1, 2, 4, '2015-06-18 16:36:32'),
(1694, 1, 2, 1, '2015-06-12 18:01:32'),
(1695, 1, 2, 2, '2015-03-09 13:54:32'),
(1696, 1, 2, 2, '2015-01-29 12:45:32'),
(1697, 1, 2, 3, '2015-02-24 14:08:32'),
(1698, 1, 2, 3, '2015-04-27 11:24:33'),
(1699, 1, 2, 2, '2015-05-28 18:21:33'),
(1700, 1, 2, 3, '2015-06-22 17:51:33'),
(1701, 1, 2, 3, '2015-02-20 18:53:33'),
(1702, 1, 2, 2, '2015-02-24 19:02:33'),
(1703, 1, 2, 1, '2015-07-07 12:31:33'),
(1704, 1, 2, 1, '2015-05-02 16:52:33'),
(1705, 1, 2, 1, '2015-03-17 20:19:33'),
(1706, 1, 2, 4, '2015-06-13 16:15:33'),
(1707, 1, 2, 2, '2015-07-15 17:35:33'),
(1708, 1, 2, 3, '2015-05-17 18:05:33'),
(1709, 1, 2, 4, '2015-07-06 11:27:33'),
(1710, 1, 2, 2, '2015-07-04 10:02:33'),
(1711, 1, 2, 3, '2015-01-25 17:55:33'),
(1712, 1, 2, 1, '2015-05-15 09:40:33'),
(1713, 1, 2, 2, '2015-03-11 15:18:33'),
(1714, 1, 2, 2, '2015-06-18 19:12:33'),
(1715, 1, 2, 4, '2015-03-31 19:14:33'),
(1716, 1, 2, 1, '2015-05-13 15:18:33'),
(1717, 1, 2, 4, '2015-02-12 09:37:33'),
(1718, 1, 2, 2, '2015-03-11 10:23:33'),
(1719, 1, 2, 3, '2015-07-02 19:39:33'),
(1720, 1, 2, 4, '2015-05-30 15:58:33'),
(1721, 1, 2, 2, '2015-02-19 20:21:33'),
(1722, 1, 2, 2, '2015-02-25 16:23:33'),
(1723, 1, 2, 3, '2015-03-18 20:23:33'),
(1724, 1, 2, 1, '2015-04-13 18:20:33'),
(1725, 1, 2, 2, '2015-02-25 13:29:33'),
(1726, 1, 2, 1, '2015-06-19 18:31:33'),
(1727, 1, 2, 2, '2015-04-22 15:11:33'),
(1728, 1, 2, 1, '2015-04-04 09:32:33'),
(1729, 1, 2, 3, '2015-01-30 15:42:33'),
(1730, 1, 2, 3, '2015-01-23 09:13:33'),
(1731, 1, 2, 3, '2015-06-11 13:10:33'),
(1732, 1, 2, 2, '2015-03-14 16:14:33'),
(1733, 1, 2, 2, '2015-05-23 15:09:33'),
(1734, 1, 2, 1, '2015-03-10 09:19:33'),
(1735, 1, 2, 3, '2015-03-15 19:32:33'),
(1736, 1, 2, 1, '2015-05-06 20:16:33'),
(1737, 1, 2, 2, '2015-05-27 13:59:33'),
(1738, 1, 2, 2, '2015-02-24 18:22:33'),
(1739, 1, 2, 1, '2015-01-24 14:50:33'),
(1740, 1, 2, 1, '2015-02-13 16:52:33'),
(1741, 1, 2, 2, '2015-06-24 17:10:33'),
(1742, 1, 2, 4, '2015-01-25 13:08:33'),
(1743, 1, 2, 4, '2015-04-18 09:28:33'),
(1744, 1, 2, 2, '2015-06-03 11:38:33'),
(1745, 1, 2, 2, '2015-03-22 14:28:33'),
(1746, 1, 2, 3, '2015-01-22 19:24:33'),
(1747, 1, 2, 4, '2015-04-05 19:04:33'),
(1748, 1, 2, 2, '2015-04-12 13:03:33'),
(1749, 1, 2, 1, '2015-06-06 16:35:33'),
(1750, 1, 2, 4, '2015-06-04 15:30:33'),
(1751, 1, 2, 4, '2015-02-18 09:18:33'),
(1752, 1, 2, 3, '2015-03-03 12:01:33'),
(1753, 1, 2, 4, '2015-02-07 18:01:33'),
(1754, 1, 2, 3, '2015-06-23 16:03:33'),
(1755, 1, 2, 1, '2015-01-26 10:10:33'),
(1756, 1, 2, 4, '2015-05-06 10:13:33'),
(1757, 1, 2, 2, '2015-02-09 18:09:33'),
(1758, 1, 2, 1, '2015-03-15 14:36:33'),
(1759, 1, 2, 1, '2015-05-20 12:13:33'),
(1760, 1, 2, 4, '2015-04-17 12:54:33'),
(1761, 1, 2, 2, '2015-04-27 13:39:33'),
(1762, 1, 2, 3, '2015-03-19 19:36:33'),
(1763, 1, 2, 2, '2015-04-09 10:55:33'),
(1764, 1, 2, 1, '2015-06-09 09:58:33'),
(1765, 1, 2, 3, '2015-03-14 20:04:33'),
(1766, 1, 2, 1, '2015-02-13 10:28:33'),
(1767, 1, 2, 4, '2015-02-21 20:53:33'),
(1768, 1, 2, 4, '2015-04-18 13:22:33'),
(1769, 1, 2, 1, '2015-04-28 11:47:33'),
(1770, 1, 2, 3, '2015-06-14 19:11:33'),
(1771, 1, 2, 1, '2015-06-24 19:07:33'),
(1772, 1, 2, 2, '2015-06-20 10:39:33'),
(1773, 1, 2, 4, '2015-02-10 09:36:33'),
(1774, 1, 2, 1, '2015-07-16 15:29:33'),
(1775, 1, 2, 1, '2015-05-06 11:14:33'),
(1776, 1, 2, 1, '2015-02-01 19:16:33'),
(1777, 1, 2, 1, '2015-03-30 11:45:33'),
(1778, 1, 2, 2, '2015-07-12 11:39:33'),
(1779, 1, 2, 1, '2015-05-22 15:23:33'),
(1780, 1, 2, 2, '2015-02-06 15:04:33'),
(1781, 1, 2, 4, '2015-05-04 16:47:33'),
(1782, 1, 2, 3, '2015-03-03 17:01:33'),
(1783, 1, 2, 3, '2015-05-17 11:42:33'),
(1784, 1, 2, 1, '2015-05-18 17:58:33'),
(1785, 1, 2, 4, '2015-06-18 09:38:33'),
(1786, 1, 2, 4, '2015-03-06 17:09:33'),
(1787, 1, 2, 1, '2015-03-23 11:24:33'),
(1788, 1, 2, 2, '2015-07-09 18:35:33'),
(1789, 1, 2, 4, '2015-05-06 19:02:33'),
(1790, 1, 2, 4, '2015-05-07 09:20:33'),
(1791, 1, 2, 1, '2015-02-19 11:54:33'),
(1792, 1, 2, 1, '2015-05-05 18:25:33'),
(1793, 1, 2, 3, '2015-04-16 10:38:33'),
(1794, 1, 2, 3, '2015-07-05 12:26:33'),
(1795, 1, 2, 4, '2015-06-18 13:04:33'),
(1796, 1, 2, 4, '2015-04-09 12:12:33'),
(1797, 1, 2, 3, '2015-05-15 15:03:33'),
(1798, 1, 2, 1, '2015-02-26 12:35:33'),
(1799, 1, 2, 2, '2015-04-02 20:34:33'),
(1800, 1, 2, 1, '2015-05-17 12:21:33'),
(1801, 1, 2, 4, '2015-05-02 12:43:33'),
(1802, 1, 2, 2, '2015-06-24 11:02:33'),
(1803, 1, 2, 3, '2015-05-29 17:22:33'),
(1804, 1, 2, 1, '2015-05-21 10:43:33'),
(1805, 1, 2, 1, '2015-07-20 11:28:33'),
(1806, 1, 2, 4, '2015-04-01 11:09:33'),
(1807, 1, 2, 1, '2015-06-07 14:51:33'),
(1808, 1, 2, 4, '2015-01-31 17:29:33'),
(1809, 1, 2, 2, '2015-03-04 10:56:33'),
(1810, 1, 2, 4, '2015-03-05 18:21:33'),
(1811, 1, 2, 4, '2015-04-23 19:33:33'),
(1812, 1, 2, 2, '2015-07-13 15:19:33'),
(1813, 1, 2, 2, '2015-01-28 13:24:33'),
(1814, 2, 4, 2, '2015-01-26 12:54:48'),
(1815, 2, 4, 1, '2015-07-21 17:29:48'),
(1816, 2, 4, 3, '2015-04-01 20:08:48'),
(1817, 2, 4, 1, '2015-06-09 09:40:48'),
(1818, 2, 4, 2, '2015-05-30 09:58:48'),
(1819, 2, 4, 1, '2015-02-14 11:01:48'),
(1820, 2, 4, 3, '2015-03-02 20:17:48'),
(1821, 2, 4, 3, '2015-02-16 12:57:48'),
(1822, 2, 4, 3, '2015-02-16 14:47:48'),
(1823, 2, 4, 2, '2015-01-22 15:13:48'),
(1824, 2, 4, 1, '2015-07-03 19:53:48'),
(1825, 2, 4, 3, '2015-03-20 19:06:48'),
(1826, 2, 4, 4, '2015-02-01 09:20:48'),
(1827, 2, 4, 1, '2015-05-20 12:56:48'),
(1828, 2, 4, 3, '2015-03-28 15:04:48'),
(1829, 2, 4, 3, '2015-05-09 14:14:48'),
(1830, 2, 4, 4, '2015-05-28 10:14:48'),
(1831, 2, 4, 3, '2015-05-12 16:03:48'),
(1832, 2, 4, 1, '2015-05-21 12:30:48'),
(1833, 2, 4, 1, '2015-03-12 18:04:48'),
(1834, 2, 4, 1, '2015-03-23 18:38:48'),
(1835, 2, 4, 3, '2015-01-24 17:24:48'),
(1836, 2, 4, 2, '2015-03-10 12:11:48'),
(1837, 2, 4, 4, '2015-02-08 11:56:48'),
(1838, 2, 4, 3, '2015-06-08 20:31:48'),
(1839, 2, 4, 4, '2015-01-31 14:58:48'),
(1840, 2, 4, 3, '2015-06-15 12:10:48'),
(1841, 2, 4, 4, '2015-05-10 10:59:48'),
(1842, 2, 4, 1, '2015-05-03 19:06:48'),
(1843, 2, 4, 2, '2015-07-16 14:02:48'),
(1844, 2, 4, 4, '2015-04-04 20:56:48'),
(1845, 2, 4, 3, '2015-01-31 11:56:48'),
(1846, 2, 4, 3, '2015-02-07 17:04:48'),
(1847, 2, 4, 1, '2015-07-03 19:43:48'),
(1848, 2, 4, 1, '2015-04-18 16:32:48'),
(1849, 2, 4, 4, '2015-02-14 14:06:48'),
(1850, 2, 4, 3, '2015-04-08 12:48:48'),
(1851, 2, 4, 4, '2015-02-14 10:44:48'),
(1852, 2, 4, 4, '2015-04-13 15:19:48'),
(1853, 2, 4, 3, '2015-06-30 20:58:48'),
(1854, 2, 4, 3, '2015-03-09 18:40:48'),
(1855, 2, 4, 3, '2015-05-30 17:04:48'),
(1856, 2, 4, 3, '2015-07-06 11:34:48'),
(1857, 2, 4, 3, '2015-07-02 09:53:48'),
(1858, 2, 4, 4, '2015-07-07 14:19:48'),
(1859, 2, 4, 4, '2015-03-21 13:32:48'),
(1860, 2, 4, 1, '2015-07-16 16:03:48'),
(1861, 2, 4, 3, '2015-05-03 12:34:48'),
(1862, 2, 4, 2, '2015-06-23 20:26:48'),
(1863, 2, 4, 1, '2015-04-22 11:17:48'),
(1864, 2, 4, 3, '2015-06-10 17:08:48'),
(1865, 2, 4, 1, '2015-03-15 11:15:48'),
(1866, 2, 4, 3, '2015-07-17 12:57:48'),
(1867, 2, 4, 4, '2015-06-29 16:15:48'),
(1868, 2, 4, 4, '2015-07-08 17:39:48'),
(1869, 2, 4, 3, '2015-05-17 20:09:48'),
(1870, 2, 4, 2, '2015-07-02 13:38:48'),
(1871, 2, 4, 3, '2015-01-23 20:45:48'),
(1872, 2, 4, 2, '2015-05-13 20:55:48'),
(1873, 2, 4, 4, '2015-05-09 16:26:48'),
(1874, 2, 4, 3, '2015-06-22 14:39:48'),
(1875, 2, 4, 2, '2015-02-05 20:00:48'),
(1876, 2, 4, 4, '2015-03-09 09:30:48'),
(1877, 2, 4, 4, '2015-05-13 09:47:48'),
(1878, 2, 4, 3, '2015-06-17 14:42:48'),
(1879, 2, 4, 4, '2015-04-23 10:03:48'),
(1880, 2, 4, 2, '2015-06-17 17:39:48'),
(1881, 2, 4, 1, '2015-04-01 10:32:48'),
(1882, 2, 4, 2, '2015-03-01 15:33:48'),
(1883, 2, 4, 3, '2015-03-13 17:22:48'),
(1884, 2, 4, 2, '2015-06-25 17:41:48'),
(1885, 2, 4, 2, '2015-04-08 11:28:48'),
(1886, 2, 4, 1, '2015-03-03 08:59:48'),
(1887, 2, 4, 2, '2015-03-02 10:06:48'),
(1888, 2, 4, 4, '2015-04-16 18:58:48'),
(1889, 2, 4, 1, '2015-06-20 18:09:48'),
(1890, 2, 4, 1, '2015-02-08 15:04:48'),
(1891, 2, 4, 1, '2015-07-17 13:48:48'),
(1892, 2, 4, 4, '2015-01-30 18:12:48'),
(1893, 2, 4, 4, '2015-02-12 15:53:48'),
(1894, 2, 4, 3, '2015-04-10 19:12:48'),
(1895, 2, 4, 1, '2015-03-01 13:51:48'),
(1896, 2, 4, 4, '2015-05-31 10:32:48'),
(1897, 2, 4, 2, '2015-07-06 09:32:48'),
(1898, 2, 4, 3, '2015-06-17 16:24:48'),
(1899, 2, 4, 2, '2015-04-27 19:21:48'),
(1900, 2, 4, 4, '2015-02-11 14:07:48'),
(1901, 2, 4, 4, '2015-04-07 16:30:48'),
(1902, 2, 4, 4, '2015-07-14 14:27:48'),
(1903, 2, 4, 3, '2015-06-12 11:12:48'),
(1904, 2, 4, 2, '2015-02-17 12:00:48'),
(1905, 2, 4, 4, '2015-06-14 19:24:48'),
(1906, 2, 4, 4, '2015-05-06 10:14:48'),
(1907, 2, 4, 4, '2015-05-25 13:14:48'),
(1908, 2, 4, 1, '2015-05-16 12:03:48'),
(1909, 2, 4, 1, '2015-07-06 11:13:48'),
(1910, 2, 4, 2, '2015-07-15 16:31:48'),
(1911, 2, 4, 1, '2015-06-21 18:33:48'),
(1912, 2, 4, 3, '2015-05-11 17:34:48'),
(1913, 2, 4, 4, '2015-05-14 16:41:48'),
(1914, 2, 4, 4, '2015-05-22 12:41:48'),
(1915, 2, 4, 2, '2015-01-30 20:08:48'),
(1916, 2, 4, 4, '2015-05-08 19:14:48'),
(1917, 2, 4, 1, '2015-07-09 17:08:48'),
(1918, 2, 4, 1, '2015-06-08 16:51:48'),
(1919, 2, 4, 1, '2015-05-25 11:45:48'),
(1920, 2, 4, 1, '2015-02-28 14:26:49'),
(1921, 2, 4, 1, '2015-03-19 09:36:49'),
(1922, 2, 4, 4, '2015-01-23 14:19:49'),
(1923, 2, 4, 3, '2015-05-31 11:08:49'),
(1924, 2, 4, 1, '2015-06-22 20:35:49'),
(1925, 2, 4, 2, '2015-01-28 19:09:49'),
(1926, 2, 4, 3, '2015-04-14 10:38:49'),
(1927, 2, 4, 1, '2015-03-11 12:36:49'),
(1928, 2, 4, 4, '2015-06-30 13:56:49'),
(1929, 2, 4, 3, '2015-02-03 15:02:49'),
(1930, 2, 4, 1, '2015-03-06 18:18:49'),
(1931, 2, 4, 1, '2015-01-25 15:51:49'),
(1932, 2, 4, 2, '2015-04-15 15:00:49'),
(1933, 2, 4, 3, '2015-05-01 12:11:49'),
(1934, 2, 4, 4, '2015-04-04 18:54:49'),
(1935, 2, 4, 2, '2015-02-05 19:59:49'),
(1936, 2, 4, 1, '2015-03-22 09:29:49'),
(1937, 2, 4, 2, '2015-05-27 16:22:49'),
(1938, 2, 4, 3, '2015-02-01 19:13:49'),
(1939, 2, 4, 3, '2015-02-03 18:50:49'),
(1940, 2, 4, 1, '2015-05-10 20:32:49'),
(1941, 2, 4, 1, '2015-02-20 19:56:49'),
(1942, 2, 4, 4, '2015-03-07 11:16:49'),
(1943, 2, 4, 4, '2015-03-31 14:01:49'),
(1944, 2, 4, 2, '2015-07-07 13:38:49'),
(1945, 2, 4, 3, '2015-04-22 20:14:49'),
(1946, 2, 4, 1, '2015-06-16 19:15:49'),
(1947, 2, 4, 2, '2015-02-18 12:34:49'),
(1948, 2, 4, 3, '2015-05-07 19:32:49'),
(1949, 2, 4, 2, '2015-04-07 15:54:49'),
(1950, 2, 4, 4, '2015-03-15 11:12:49'),
(1951, 2, 4, 1, '2015-02-28 13:39:49'),
(1952, 2, 4, 3, '2015-07-02 15:19:49'),
(1953, 2, 4, 2, '2015-02-28 17:05:49'),
(1954, 2, 4, 1, '2015-03-25 09:58:49'),
(1955, 2, 4, 1, '2015-04-14 09:48:49'),
(1956, 2, 4, 1, '2015-06-08 15:36:49'),
(1957, 2, 4, 2, '2015-05-07 10:09:49'),
(1958, 2, 4, 2, '2015-06-23 16:17:49'),
(1959, 2, 4, 3, '2015-07-05 11:26:49'),
(1960, 2, 4, 1, '2015-05-17 15:55:49'),
(1961, 2, 4, 3, '2015-04-30 20:03:49'),
(1962, 2, 4, 2, '2015-03-12 20:28:49'),
(1963, 2, 4, 2, '2015-02-02 18:14:49'),
(1964, 2, 4, 2, '2015-07-13 16:26:49'),
(1965, 2, 4, 2, '2015-07-13 18:52:49'),
(1966, 2, 4, 2, '2015-06-01 15:08:49'),
(1967, 2, 4, 4, '2015-05-10 15:45:49'),
(1968, 2, 4, 3, '2015-04-29 09:44:49'),
(1969, 2, 4, 4, '2015-07-21 13:15:49'),
(1970, 2, 4, 2, '2015-07-05 13:51:49'),
(1971, 2, 4, 3, '2015-02-22 20:45:49'),
(1972, 2, 4, 4, '2015-03-10 09:58:49'),
(1973, 2, 4, 2, '2015-03-07 15:21:49'),
(1974, 2, 4, 1, '2015-03-11 18:48:49'),
(1975, 2, 4, 2, '2015-03-31 09:05:49'),
(1976, 2, 4, 3, '2015-06-13 12:50:49'),
(1977, 2, 4, 3, '2015-03-17 16:00:49'),
(1978, 2, 4, 3, '2015-03-05 18:25:49'),
(1979, 2, 4, 2, '2015-05-21 17:36:49'),
(1980, 2, 4, 2, '2015-02-26 16:47:49'),
(1981, 2, 4, 2, '2015-04-13 10:21:49'),
(1982, 2, 4, 1, '2015-04-12 19:28:49'),
(1983, 2, 4, 1, '2015-05-07 17:20:49'),
(1984, 2, 4, 2, '2015-06-22 12:49:49'),
(1985, 2, 4, 4, '2015-01-30 12:41:49'),
(1986, 2, 4, 2, '2015-04-30 19:58:49'),
(1987, 2, 4, 3, '2015-06-23 17:17:49'),
(1988, 2, 4, 3, '2015-02-15 19:24:49'),
(1989, 2, 4, 2, '2015-02-12 15:45:49'),
(1990, 2, 4, 3, '2015-01-29 09:14:49'),
(1991, 2, 4, 3, '2015-03-30 16:09:49'),
(1992, 2, 4, 2, '2015-02-11 20:39:49'),
(1993, 2, 4, 2, '2015-06-29 09:23:49'),
(1994, 2, 4, 4, '2015-06-06 18:54:49'),
(1995, 2, 4, 3, '2015-02-23 14:55:49'),
(1996, 2, 4, 3, '2015-06-01 09:05:49'),
(1997, 2, 4, 2, '2015-02-12 17:47:49'),
(1998, 2, 4, 3, '2015-05-03 09:37:49'),
(1999, 2, 4, 2, '2015-05-15 17:45:49'),
(2000, 2, 4, 4, '2015-06-15 10:19:49'),
(2001, 2, 4, 4, '2015-03-23 16:23:49'),
(2002, 2, 4, 3, '2015-04-09 18:13:49'),
(2003, 2, 4, 3, '2015-07-11 15:19:49'),
(2004, 2, 4, 1, '2015-05-27 11:36:49'),
(2005, 2, 4, 2, '2015-01-23 09:28:49'),
(2006, 2, 4, 1, '2015-02-09 19:31:49'),
(2007, 2, 4, 3, '2015-02-18 19:23:49'),
(2008, 2, 4, 4, '2015-02-23 17:50:49'),
(2009, 2, 4, 1, '2015-03-08 13:50:49'),
(2010, 2, 4, 4, '2015-05-18 14:15:49'),
(2011, 2, 4, 2, '2015-05-17 10:23:49'),
(2012, 2, 4, 2, '2015-01-25 20:29:49'),
(2013, 2, 4, 3, '2015-03-24 12:43:49'),
(2014, 2, 4, 2, '2015-05-24 19:30:49'),
(2015, 2, 6, 3, '2015-03-23 09:48:55'),
(2016, 2, 6, 3, '2015-05-23 10:08:55'),
(2017, 2, 6, 1, '2015-06-11 12:55:55'),
(2018, 2, 6, 3, '2015-06-21 15:13:55'),
(2019, 2, 6, 4, '2015-04-27 10:19:55'),
(2020, 2, 6, 2, '2015-03-19 20:23:55'),
(2021, 2, 6, 2, '2015-04-23 17:52:55'),
(2022, 2, 6, 4, '2015-05-18 19:40:55'),
(2023, 2, 6, 2, '2015-04-07 19:21:55'),
(2024, 2, 6, 1, '2015-04-25 20:52:55'),
(2025, 2, 6, 4, '2015-06-24 16:10:55'),
(2026, 2, 6, 2, '2015-05-19 11:41:55'),
(2027, 2, 6, 4, '2015-04-07 11:19:55'),
(2028, 2, 6, 4, '2015-07-20 14:07:55'),
(2029, 2, 6, 1, '2015-02-17 10:25:55'),
(2030, 2, 6, 3, '2015-05-08 18:28:55'),
(2031, 2, 6, 4, '2015-02-02 09:45:55'),
(2032, 2, 6, 2, '2015-02-24 15:54:55'),
(2033, 2, 6, 3, '2015-04-06 16:26:55'),
(2034, 2, 6, 4, '2015-03-11 20:18:55'),
(2035, 2, 6, 2, '2015-03-19 11:40:55'),
(2036, 2, 6, 4, '2015-06-14 16:28:55'),
(2037, 2, 6, 2, '2015-04-08 16:43:55'),
(2038, 2, 6, 4, '2015-02-03 18:12:55'),
(2039, 2, 6, 3, '2015-07-15 10:58:55'),
(2040, 2, 6, 4, '2015-04-23 09:22:55'),
(2041, 2, 6, 4, '2015-05-26 14:36:55'),
(2042, 2, 6, 2, '2015-03-09 17:42:55'),
(2043, 2, 6, 4, '2015-07-16 13:59:55'),
(2044, 2, 6, 2, '2015-06-23 12:08:55'),
(2045, 2, 6, 2, '2015-04-05 18:06:55'),
(2046, 2, 6, 3, '2015-04-11 16:02:55'),
(2047, 2, 6, 3, '2015-02-24 15:35:55'),
(2048, 2, 6, 1, '2015-07-20 20:22:55'),
(2049, 2, 6, 3, '2015-05-29 15:34:55'),
(2050, 2, 6, 2, '2015-03-29 20:25:55'),
(2051, 2, 6, 3, '2015-05-14 18:22:55'),
(2052, 2, 6, 4, '2015-03-16 15:15:55'),
(2053, 2, 6, 2, '2015-03-15 19:52:55'),
(2054, 2, 6, 3, '2015-02-04 12:14:55'),
(2055, 2, 6, 1, '2015-07-11 16:39:55'),
(2056, 2, 6, 2, '2015-05-31 19:24:55'),
(2057, 2, 6, 3, '2015-02-14 12:44:55'),
(2058, 2, 6, 4, '2015-03-16 19:28:55'),
(2059, 2, 6, 1, '2015-04-03 09:24:55'),
(2060, 2, 6, 4, '2015-01-23 16:07:55'),
(2061, 2, 6, 2, '2015-04-10 11:34:55'),
(2062, 2, 6, 4, '2015-05-25 14:46:55'),
(2063, 2, 6, 4, '2015-06-02 14:11:55'),
(2064, 2, 6, 1, '2015-03-25 09:06:55'),
(2065, 2, 6, 3, '2015-01-31 14:19:55'),
(2066, 2, 6, 4, '2015-03-06 14:08:55'),
(2067, 2, 6, 2, '2015-05-08 16:26:55'),
(2068, 2, 6, 1, '2015-03-18 19:37:55'),
(2069, 2, 6, 3, '2015-05-18 09:18:55'),
(2070, 2, 6, 2, '2015-03-15 12:34:55'),
(2071, 2, 6, 2, '2015-05-23 13:44:55'),
(2072, 2, 6, 3, '2015-03-04 19:45:55'),
(2073, 2, 6, 1, '2015-05-15 10:27:55'),
(2074, 2, 6, 1, '2015-05-25 18:26:55'),
(2075, 2, 6, 1, '2015-02-28 16:45:56'),
(2076, 2, 6, 2, '2015-06-29 10:20:56'),
(2077, 2, 6, 4, '2015-05-23 15:36:56'),
(2078, 2, 6, 1, '2015-02-06 10:12:56'),
(2079, 2, 6, 3, '2015-04-19 10:46:56'),
(2080, 2, 6, 2, '2015-03-27 10:29:56'),
(2081, 2, 6, 2, '2015-04-02 20:57:56'),
(2082, 2, 6, 1, '2015-03-13 19:28:56'),
(2083, 2, 6, 1, '2015-02-08 10:47:56'),
(2084, 2, 6, 4, '2015-05-28 19:51:56'),
(2085, 2, 6, 2, '2015-03-05 10:51:56'),
(2086, 2, 6, 1, '2015-05-10 15:04:56'),
(2087, 2, 6, 2, '2015-02-27 14:20:56'),
(2088, 2, 6, 1, '2015-04-05 09:12:56'),
(2089, 2, 6, 1, '2015-03-31 19:50:56'),
(2090, 2, 6, 3, '2015-04-28 10:58:56'),
(2091, 2, 6, 1, '2015-05-29 16:37:56'),
(2092, 2, 6, 2, '2015-03-03 14:45:56'),
(2093, 2, 6, 1, '2015-07-21 11:11:56'),
(2094, 2, 6, 2, '2015-04-28 11:39:56'),
(2095, 2, 6, 3, '2015-05-03 19:05:56'),
(2096, 2, 6, 1, '2015-04-12 13:03:56'),
(2097, 2, 6, 2, '2015-06-07 15:58:56'),
(2098, 2, 6, 1, '2015-05-03 17:09:56'),
(2099, 2, 6, 2, '2015-07-20 14:23:56'),
(2100, 2, 6, 1, '2015-05-31 10:29:56'),
(2101, 2, 6, 3, '2015-02-12 14:48:56'),
(2102, 2, 6, 1, '2015-02-16 16:51:56'),
(2103, 2, 6, 3, '2015-05-07 17:21:56'),
(2104, 2, 6, 4, '2015-04-18 11:32:56'),
(2105, 2, 6, 2, '2015-04-04 14:27:56'),
(2106, 2, 6, 2, '2015-03-31 13:10:56'),
(2107, 2, 6, 1, '2015-05-15 14:22:56'),
(2108, 2, 6, 3, '2015-03-07 16:55:56'),
(2109, 2, 6, 1, '2015-01-23 16:34:56'),
(2110, 2, 6, 4, '2015-05-24 13:46:56'),
(2111, 2, 6, 1, '2015-04-06 15:53:56'),
(2112, 2, 6, 4, '2015-05-18 19:55:56'),
(2113, 2, 6, 2, '2015-03-10 12:09:56'),
(2114, 2, 6, 4, '2015-02-27 11:20:56'),
(2115, 2, 6, 4, '2015-07-20 09:20:56'),
(2116, 2, 6, 3, '2015-06-12 12:26:56'),
(2117, 2, 6, 2, '2015-06-29 13:17:56'),
(2118, 2, 6, 1, '2015-05-04 12:59:56'),
(2119, 2, 6, 3, '2015-06-09 09:46:56'),
(2120, 2, 6, 1, '2015-03-24 19:32:56'),
(2121, 2, 6, 3, '2015-04-04 10:08:56'),
(2122, 2, 6, 4, '2015-01-23 15:26:56'),
(2123, 2, 6, 2, '2015-04-15 13:54:56'),
(2124, 2, 6, 4, '2015-05-31 15:12:56'),
(2125, 2, 6, 4, '2015-05-14 19:46:56'),
(2126, 2, 6, 3, '2015-05-15 09:58:56'),
(2127, 2, 6, 2, '2015-04-03 15:10:56'),
(2128, 2, 6, 2, '2015-05-07 13:02:56'),
(2129, 2, 6, 3, '2015-05-10 09:41:56'),
(2130, 2, 6, 4, '2015-05-19 16:08:56'),
(2131, 2, 6, 2, '2015-03-07 19:40:56'),
(2132, 2, 6, 4, '2015-02-10 10:27:56'),
(2133, 2, 6, 2, '2015-07-11 13:13:56'),
(2134, 2, 6, 4, '2015-07-04 19:49:56'),
(2135, 2, 6, 4, '2015-02-18 14:27:56'),
(2136, 2, 6, 3, '2015-04-22 19:37:56'),
(2137, 2, 6, 3, '2015-06-25 13:59:56'),
(2138, 2, 6, 1, '2015-05-28 12:56:56'),
(2139, 2, 6, 3, '2015-01-24 16:04:56'),
(2140, 2, 6, 2, '2015-04-29 11:48:56'),
(2141, 2, 6, 1, '2015-04-28 11:11:56'),
(2142, 2, 6, 1, '2015-06-15 15:57:56'),
(2143, 2, 6, 1, '2015-06-27 12:43:56'),
(2144, 2, 6, 1, '2015-04-24 19:54:56'),
(2145, 2, 6, 2, '2015-03-01 09:02:56'),
(2146, 2, 6, 1, '2015-06-11 14:28:56'),
(2147, 2, 6, 2, '2015-02-26 19:02:56'),
(2148, 2, 6, 2, '2015-03-28 16:30:56'),
(2149, 2, 6, 3, '2015-04-24 09:32:56'),
(2150, 2, 6, 2, '2015-02-09 19:45:56'),
(2151, 2, 6, 3, '2015-04-14 17:07:56'),
(2152, 2, 6, 4, '2015-01-28 18:49:56'),
(2153, 2, 6, 4, '2015-03-05 14:33:56'),
(2154, 2, 6, 3, '2015-02-16 13:15:56'),
(2155, 2, 6, 2, '2015-03-29 10:19:56'),
(2156, 2, 6, 3, '2015-05-14 19:42:56'),
(2157, 2, 6, 2, '2015-06-23 18:03:56'),
(2158, 2, 6, 3, '2015-03-25 11:40:56'),
(2159, 2, 6, 2, '2015-06-21 17:40:56'),
(2160, 2, 6, 4, '2015-02-03 19:24:56'),
(2161, 2, 6, 1, '2015-05-16 18:22:56'),
(2162, 2, 6, 3, '2015-03-28 11:18:56'),
(2163, 2, 6, 4, '2015-02-25 12:09:56'),
(2164, 2, 6, 3, '2015-04-20 16:58:56'),
(2165, 2, 6, 4, '2015-03-13 10:58:56'),
(2166, 2, 6, 1, '2015-05-26 14:05:56'),
(2167, 2, 6, 4, '2015-04-23 14:19:56'),
(2168, 2, 6, 1, '2015-06-16 14:52:56'),
(2169, 2, 6, 4, '2015-03-17 18:07:56'),
(2170, 2, 6, 1, '2015-03-10 17:30:56'),
(2171, 2, 6, 3, '2015-07-16 16:24:56'),
(2172, 2, 6, 2, '2015-05-05 15:27:56'),
(2173, 2, 6, 1, '2015-05-17 09:53:56'),
(2174, 2, 6, 4, '2015-02-19 09:17:56'),
(2175, 2, 6, 1, '2015-04-22 10:13:56'),
(2176, 2, 6, 3, '2015-02-17 19:43:56'),
(2177, 2, 6, 2, '2015-04-15 15:40:56'),
(2178, 2, 6, 1, '2015-03-23 16:19:56'),
(2179, 2, 6, 1, '2015-02-13 11:41:56'),
(2180, 2, 6, 1, '2015-03-26 18:02:56'),
(2181, 2, 6, 1, '2015-05-17 11:45:56'),
(2182, 2, 6, 1, '2015-02-04 19:08:56'),
(2183, 2, 6, 3, '2015-05-17 10:14:56'),
(2184, 2, 6, 3, '2015-06-26 15:55:56'),
(2185, 2, 6, 2, '2015-06-04 19:34:56'),
(2186, 2, 6, 3, '2015-05-20 18:58:56'),
(2187, 2, 6, 3, '2015-03-13 12:24:56'),
(2188, 2, 6, 2, '2015-03-18 13:06:56'),
(2189, 2, 6, 4, '2015-04-07 09:39:56'),
(2190, 2, 6, 2, '2015-03-07 09:43:56'),
(2191, 2, 6, 3, '2015-01-24 14:37:56'),
(2192, 2, 6, 3, '2015-02-14 16:17:56'),
(2193, 2, 6, 3, '2015-05-06 16:57:56'),
(2194, 2, 6, 2, '2015-06-28 20:07:56'),
(2195, 2, 6, 1, '2015-03-01 10:16:56'),
(2196, 2, 6, 1, '2015-07-20 13:15:56'),
(2197, 2, 6, 2, '2015-01-25 11:25:56'),
(2198, 2, 6, 1, '2015-06-01 09:00:56'),
(2199, 2, 6, 2, '2015-07-18 20:32:56'),
(2200, 2, 6, 1, '2015-02-15 11:31:56'),
(2201, 2, 6, 2, '2015-06-23 16:49:56'),
(2202, 2, 6, 2, '2015-04-02 14:56:56'),
(2203, 2, 6, 3, '2015-03-19 12:56:56'),
(2204, 2, 6, 2, '2015-06-06 18:10:56'),
(2205, 2, 6, 3, '2015-05-30 17:16:57'),
(2206, 2, 6, 1, '2015-03-29 19:32:57'),
(2207, 2, 6, 3, '2015-05-07 09:33:57'),
(2208, 2, 6, 4, '2015-06-26 16:50:57'),
(2209, 2, 6, 1, '2015-02-03 16:58:57'),
(2210, 2, 6, 4, '2015-03-30 11:59:57'),
(2211, 2, 6, 1, '2015-05-01 09:12:57'),
(2212, 2, 6, 4, '2015-05-15 17:06:57'),
(2213, 2, 6, 4, '2015-03-01 12:40:57'),
(2214, 2, 6, 3, '2015-06-02 20:20:57'),
(2215, 2, 6, 3, '2015-01-24 12:40:57'),
(2216, 2, 6, 2, '2015-02-14 10:08:57'),
(2217, 2, 6, 4, '2015-07-02 13:58:57'),
(2218, 2, 6, 2, '2015-02-04 12:27:57'),
(2219, 2, 6, 2, '2015-04-11 19:12:57'),
(2220, 2, 6, 1, '2015-06-22 20:43:57'),
(2221, 2, 6, 4, '2015-07-17 20:35:57'),
(2222, 2, 6, 3, '2015-06-11 13:57:57'),
(2223, 2, 6, 4, '2015-05-10 12:55:57'),
(2224, 2, 6, 3, '2015-06-23 17:04:57'),
(2225, 2, 6, 4, '2015-02-07 09:52:57'),
(2226, 2, 6, 4, '2015-02-26 17:22:57'),
(2227, 2, 6, 2, '2015-05-12 10:25:57'),
(2228, 2, 6, 1, '2015-04-23 17:21:57'),
(2229, 2, 6, 4, '2015-06-24 17:46:57'),
(2230, 2, 6, 4, '2015-06-03 11:44:57'),
(2231, 2, 6, 3, '2015-06-27 09:17:57'),
(2232, 2, 6, 2, '2015-04-19 17:19:57'),
(2233, 2, 6, 2, '2015-05-17 09:26:57'),
(2234, 2, 6, 3, '2015-05-25 09:58:57'),
(2235, 2, 6, 1, '2015-01-24 17:46:57'),
(2236, 2, 6, 1, '2015-07-19 19:10:57'),
(2237, 2, 6, 3, '2015-02-04 16:07:57'),
(2238, 2, 6, 4, '2015-06-25 18:54:57'),
(2239, 2, 6, 1, '2015-03-23 18:38:57'),
(2240, 2, 6, 3, '2015-05-02 11:16:57'),
(2241, 2, 6, 4, '2015-05-04 13:45:57'),
(2242, 2, 6, 2, '2015-05-26 13:13:57'),
(2243, 2, 6, 3, '2015-05-21 14:54:57'),
(2244, 2, 6, 3, '2015-06-28 17:51:57'),
(2245, 2, 6, 1, '2015-07-17 17:50:57'),
(2246, 2, 6, 4, '2015-03-08 14:58:57'),
(2247, 2, 6, 1, '2015-02-27 15:43:57'),
(2248, 2, 6, 2, '2015-03-30 09:28:57'),
(2249, 2, 6, 3, '2015-05-14 10:11:57'),
(2250, 2, 6, 3, '2015-04-23 12:38:57'),
(2251, 3, 8, 2, '2015-05-19 10:43:05'),
(2252, 3, 8, 3, '2015-06-01 16:58:05'),
(2253, 3, 8, 1, '2015-04-17 14:58:05'),
(2254, 3, 8, 2, '2015-03-17 11:08:05'),
(2255, 3, 8, 1, '2015-05-05 09:41:05'),
(2256, 3, 8, 2, '2015-04-16 10:41:05'),
(2257, 3, 8, 2, '2015-04-19 11:47:05'),
(2258, 3, 8, 4, '2015-07-05 13:25:05'),
(2259, 3, 8, 4, '2015-05-20 14:36:05'),
(2260, 3, 8, 4, '2015-04-08 12:24:05'),
(2261, 3, 8, 4, '2015-03-14 11:19:05'),
(2262, 3, 8, 3, '2015-01-27 15:24:05'),
(2263, 3, 8, 1, '2015-05-15 13:15:05'),
(2264, 3, 8, 1, '2015-03-04 15:36:05'),
(2265, 3, 8, 4, '2015-05-27 17:47:05'),
(2266, 3, 8, 2, '2015-04-17 10:22:05'),
(2267, 3, 8, 4, '2015-04-21 20:34:05'),
(2268, 3, 8, 4, '2015-07-10 15:45:05'),
(2269, 3, 8, 2, '2015-03-07 09:18:05'),
(2270, 3, 8, 1, '2015-04-25 12:51:05'),
(2271, 3, 8, 3, '2015-05-26 18:41:05'),
(2272, 3, 8, 2, '2015-02-18 15:19:05'),
(2273, 3, 8, 4, '2015-05-10 18:43:05'),
(2274, 3, 8, 1, '2015-05-25 12:19:05'),
(2275, 3, 8, 1, '2015-05-23 20:28:05'),
(2276, 3, 8, 3, '2015-06-13 18:06:05'),
(2277, 3, 8, 4, '2015-07-21 13:26:05'),
(2278, 3, 8, 4, '2015-03-07 15:49:05'),
(2279, 3, 8, 1, '2015-05-03 11:47:05'),
(2280, 3, 8, 4, '2015-02-19 16:38:05'),
(2281, 3, 8, 4, '2015-06-08 16:15:05'),
(2282, 3, 8, 3, '2015-05-23 09:20:05'),
(2283, 3, 8, 3, '2015-06-17 13:37:05'),
(2284, 3, 8, 3, '2015-06-11 12:55:05'),
(2285, 3, 8, 4, '2015-06-22 10:33:05'),
(2286, 3, 8, 2, '2015-05-13 19:20:05'),
(2287, 3, 8, 4, '2015-01-23 18:10:05'),
(2288, 3, 8, 4, '2015-06-11 11:32:05'),
(2289, 3, 8, 3, '2015-03-14 17:49:05'),
(2290, 3, 8, 3, '2015-04-06 19:05:05'),
(2291, 3, 8, 1, '2015-05-09 14:03:05'),
(2292, 3, 8, 3, '2015-02-28 15:14:05'),
(2293, 3, 8, 3, '2015-03-28 10:46:05'),
(2294, 3, 8, 3, '2015-04-17 17:13:05'),
(2295, 3, 8, 4, '2015-03-09 11:46:05'),
(2296, 3, 8, 1, '2015-03-10 10:59:05'),
(2297, 3, 8, 1, '2015-01-29 15:05:05'),
(2298, 3, 8, 2, '2015-02-07 14:16:05'),
(2299, 3, 8, 3, '2015-03-29 20:47:05'),
(2300, 3, 8, 1, '2015-04-14 14:41:06'),
(2301, 3, 8, 2, '2015-05-18 15:03:06'),
(2302, 3, 8, 1, '2015-06-26 14:41:06'),
(2303, 3, 8, 3, '2015-05-17 16:58:06'),
(2304, 3, 8, 1, '2015-05-11 09:05:06'),
(2305, 3, 8, 1, '2015-03-03 14:34:06'),
(2306, 3, 8, 1, '2015-02-26 16:46:06'),
(2307, 3, 8, 3, '2015-02-20 11:52:06'),
(2308, 3, 8, 4, '2015-06-10 11:59:06'),
(2309, 3, 8, 4, '2015-05-17 17:09:06'),
(2310, 3, 8, 3, '2015-07-05 20:58:06'),
(2311, 3, 8, 4, '2015-03-23 17:52:06'),
(2312, 3, 8, 2, '2015-01-27 15:13:06'),
(2313, 3, 8, 2, '2015-02-10 19:19:06'),
(2314, 3, 8, 3, '2015-06-03 11:57:06'),
(2315, 3, 8, 1, '2015-02-15 14:01:06'),
(2316, 3, 8, 1, '2015-02-11 18:35:06'),
(2317, 3, 8, 1, '2015-06-03 10:32:06'),
(2318, 3, 8, 2, '2015-03-05 20:30:06'),
(2319, 3, 8, 1, '2015-05-09 09:35:06'),
(2320, 3, 8, 4, '2015-03-02 17:11:06'),
(2321, 3, 8, 1, '2015-05-04 18:24:06'),
(2322, 3, 8, 1, '2015-06-11 09:00:06'),
(2323, 3, 8, 1, '2015-05-16 14:44:06'),
(2324, 3, 8, 1, '2015-06-20 19:40:06'),
(2325, 3, 8, 2, '2015-03-23 10:26:06'),
(2326, 3, 8, 4, '2015-03-20 10:37:06'),
(2327, 3, 8, 3, '2015-07-03 19:22:06'),
(2328, 3, 8, 2, '2015-05-29 11:34:06'),
(2329, 3, 8, 2, '2015-06-06 19:44:06'),
(2330, 3, 8, 3, '2015-07-12 13:03:06'),
(2331, 3, 8, 2, '2015-02-12 12:52:06'),
(2332, 3, 8, 3, '2015-02-15 11:12:06'),
(2333, 3, 8, 2, '2015-03-27 15:19:06'),
(2334, 3, 8, 4, '2015-04-04 20:40:06'),
(2335, 3, 8, 1, '2015-02-04 20:31:06'),
(2336, 3, 8, 3, '2015-01-29 10:36:06'),
(2337, 3, 8, 2, '2015-05-15 12:38:06'),
(2338, 3, 8, 3, '2015-02-20 14:11:06'),
(2339, 3, 8, 1, '2015-02-23 12:53:06'),
(2340, 3, 8, 1, '2015-01-24 13:09:06'),
(2341, 3, 8, 4, '2015-04-15 10:05:06'),
(2342, 3, 8, 1, '2015-03-28 10:42:06'),
(2343, 3, 8, 3, '2015-03-07 16:32:06'),
(2344, 3, 8, 2, '2015-05-24 18:05:06'),
(2345, 3, 8, 1, '2015-05-04 12:51:06'),
(2346, 3, 8, 2, '2015-03-27 13:02:06'),
(2347, 3, 8, 2, '2015-05-31 13:54:06'),
(2348, 3, 8, 2, '2015-05-26 19:09:06'),
(2349, 3, 8, 3, '2015-06-01 10:44:06'),
(2350, 3, 8, 3, '2015-06-12 13:37:06'),
(2351, 3, 8, 3, '2015-04-30 20:42:06'),
(2352, 3, 8, 4, '2015-02-27 17:10:06'),
(2353, 3, 8, 3, '2015-02-27 20:22:06'),
(2354, 3, 8, 4, '2015-04-13 14:12:06'),
(2355, 3, 8, 4, '2015-03-29 18:18:06'),
(2356, 3, 8, 2, '2015-02-15 12:15:06'),
(2357, 3, 8, 3, '2015-05-20 14:08:06'),
(2358, 3, 8, 2, '2015-06-11 14:56:06'),
(2359, 3, 8, 1, '2015-02-01 11:48:06'),
(2360, 3, 8, 2, '2015-02-10 09:29:06'),
(2361, 3, 8, 1, '2015-05-28 14:24:06'),
(2362, 3, 8, 3, '2015-05-12 09:52:06'),
(2363, 3, 8, 4, '2015-01-22 18:28:06'),
(2364, 3, 8, 2, '2015-04-12 16:17:06'),
(2365, 3, 8, 2, '2015-06-21 18:31:06'),
(2366, 3, 8, 4, '2015-06-03 15:09:06'),
(2367, 3, 8, 4, '2015-03-05 15:36:06'),
(2368, 3, 8, 2, '2015-06-29 10:24:06'),
(2369, 3, 8, 1, '2015-04-19 11:32:06'),
(2370, 3, 8, 2, '2015-07-10 15:24:06'),
(2371, 3, 8, 4, '2015-04-30 09:59:06'),
(2372, 3, 8, 3, '2015-05-28 20:28:06'),
(2373, 3, 8, 3, '2015-02-03 15:06:06'),
(2374, 3, 8, 1, '2015-04-14 09:40:06'),
(2375, 3, 8, 2, '2015-06-21 19:55:06'),
(2376, 3, 8, 1, '2015-05-12 09:04:06'),
(2377, 3, 8, 1, '2015-05-11 09:36:06'),
(2378, 3, 8, 1, '2015-01-27 10:24:06'),
(2379, 3, 8, 1, '2015-02-11 19:50:06'),
(2380, 3, 8, 4, '2015-06-12 13:49:06'),
(2381, 3, 8, 3, '2015-04-30 09:29:06'),
(2382, 3, 8, 2, '2015-04-26 17:50:06'),
(2383, 3, 8, 1, '2015-07-18 09:29:06'),
(2384, 3, 8, 2, '2015-07-12 13:53:06'),
(2385, 3, 8, 1, '2015-06-12 16:50:06'),
(2386, 3, 8, 2, '2015-06-08 12:52:06'),
(2387, 3, 8, 1, '2015-02-03 11:15:06'),
(2388, 3, 8, 3, '2015-03-03 13:13:06'),
(2389, 3, 8, 1, '2015-05-11 20:29:06'),
(2390, 3, 8, 4, '2015-02-09 20:07:06'),
(2391, 3, 8, 3, '2015-03-02 20:04:06'),
(2392, 3, 8, 2, '2015-02-23 09:20:06'),
(2393, 3, 8, 4, '2015-03-17 20:50:06'),
(2394, 3, 8, 4, '2015-05-19 11:50:06'),
(2395, 3, 8, 1, '2015-06-05 18:03:06'),
(2396, 3, 8, 3, '2015-05-11 15:05:06'),
(2397, 3, 8, 4, '2015-04-21 12:21:06'),
(2398, 3, 8, 3, '2015-02-01 20:12:06'),
(2399, 3, 8, 1, '2015-03-19 10:06:06'),
(2400, 3, 8, 3, '2015-03-27 17:50:06'),
(2401, 3, 8, 4, '2015-01-31 14:41:06'),
(2402, 3, 8, 4, '2015-06-25 11:19:06'),
(2403, 3, 8, 4, '2015-05-23 17:54:06'),
(2404, 3, 8, 4, '2015-04-16 15:39:06'),
(2405, 3, 8, 1, '2015-04-02 16:36:06'),
(2406, 3, 8, 3, '2015-06-08 15:51:06'),
(2407, 3, 8, 2, '2015-02-11 13:30:06'),
(2408, 3, 8, 1, '2015-07-12 19:13:06'),
(2409, 3, 8, 1, '2015-06-15 16:54:06'),
(2410, 3, 8, 1, '2015-03-01 16:51:06'),
(2411, 3, 8, 1, '2015-03-16 16:01:06'),
(2412, 3, 8, 4, '2015-06-12 16:20:06'),
(2413, 3, 8, 2, '2015-02-27 13:22:06'),
(2414, 3, 8, 1, '2015-03-04 09:36:06'),
(2415, 3, 8, 3, '2015-04-08 16:42:06'),
(2416, 3, 8, 1, '2015-02-22 17:45:06'),
(2417, 3, 8, 1, '2015-02-16 15:59:06'),
(2418, 3, 8, 3, '2015-03-01 20:29:06'),
(2419, 3, 8, 1, '2015-06-08 13:13:06'),
(2420, 3, 8, 3, '2015-02-25 20:38:06'),
(2421, 3, 8, 1, '2015-02-23 10:53:06'),
(2422, 3, 8, 4, '2015-05-03 09:05:06'),
(2423, 3, 8, 2, '2015-03-27 15:14:06'),
(2424, 3, 8, 4, '2015-03-24 14:35:06'),
(2425, 3, 8, 2, '2015-04-23 13:24:06'),
(2426, 3, 8, 2, '2015-03-14 19:33:06'),
(2427, 3, 8, 2, '2015-07-07 18:00:06'),
(2428, 3, 8, 4, '2015-02-18 20:45:06'),
(2429, 3, 8, 2, '2015-07-07 12:31:06'),
(2430, 3, 8, 3, '2015-04-19 19:22:06'),
(2431, 3, 8, 3, '2015-04-29 12:58:06'),
(2432, 3, 8, 3, '2015-01-28 11:44:06'),
(2433, 3, 8, 2, '2015-04-09 13:22:06'),
(2434, 3, 8, 4, '2015-04-23 18:02:06'),
(2435, 3, 8, 4, '2015-05-04 13:59:06'),
(2436, 3, 8, 2, '2015-04-29 17:38:06'),
(2437, 3, 8, 3, '2015-04-27 14:24:06'),
(2438, 3, 8, 4, '2015-06-26 14:43:06'),
(2439, 3, 8, 4, '2015-07-07 17:08:06'),
(2440, 3, 8, 2, '2015-05-16 17:45:06'),
(2441, 3, 8, 2, '2015-03-21 10:11:06'),
(2442, 3, 8, 2, '2015-04-08 11:07:06'),
(2443, 3, 8, 1, '2015-05-12 18:00:06'),
(2444, 3, 8, 3, '2015-07-03 13:04:06'),
(2445, 3, 8, 1, '2015-05-02 17:15:06'),
(2446, 3, 8, 1, '2015-04-04 11:37:06'),
(2447, 3, 8, 2, '2015-06-07 09:36:06'),
(2448, 3, 8, 3, '2015-07-08 16:04:06'),
(2449, 3, 8, 1, '2015-07-02 15:11:06'),
(2450, 3, 8, 3, '2015-01-28 17:37:06'),
(2451, 3, 8, 3, '2015-04-04 12:59:06'),
(2452, 3, 8, 3, '2015-05-16 16:40:06'),
(2453, 3, 8, 1, '2015-04-27 14:40:07'),
(2454, 3, 8, 2, '2015-06-11 18:52:07'),
(2455, 3, 8, 2, '2015-07-10 11:26:07'),
(2456, 3, 8, 2, '2015-03-01 14:22:07'),
(2457, 3, 8, 2, '2015-05-17 16:19:07'),
(2458, 3, 8, 3, '2015-06-24 13:18:07'),
(2459, 3, 8, 3, '2015-02-09 20:30:07'),
(2460, 3, 8, 4, '2015-02-25 09:40:07'),
(2461, 3, 8, 1, '2015-04-15 12:31:07'),
(2462, 3, 8, 3, '2015-03-10 10:54:07'),
(2463, 3, 8, 2, '2015-01-22 12:17:07'),
(2464, 3, 8, 2, '2015-03-30 15:42:07'),
(2465, 3, 8, 2, '2015-02-27 12:42:07'),
(2466, 3, 8, 3, '2015-02-15 16:47:07'),
(2467, 3, 8, 1, '2015-04-12 17:23:07'),
(2468, 3, 8, 1, '2015-02-13 13:39:07'),
(2469, 3, 8, 2, '2015-05-23 13:20:07'),
(2470, 3, 8, 3, '2015-03-20 20:14:07'),
(2471, 3, 8, 2, '2015-07-06 10:04:07'),
(2472, 3, 8, 3, '2015-04-26 17:07:07'),
(2473, 3, 8, 4, '2015-03-03 12:53:07'),
(2474, 3, 8, 3, '2015-06-02 16:24:07'),
(2475, 3, 8, 4, '2015-04-28 09:59:07'),
(2476, 3, 8, 3, '2015-04-16 15:37:07'),
(2477, 3, 8, 3, '2015-07-11 09:11:07'),
(2478, 3, 8, 3, '2015-07-19 15:05:07'),
(2479, 3, 8, 2, '2015-02-20 13:36:07'),
(2480, 3, 8, 1, '2015-05-22 11:40:07'),
(2481, 3, 8, 3, '2015-07-12 12:39:07'),
(2482, 3, 8, 3, '2015-02-19 10:27:07'),
(2483, 3, 8, 3, '2015-07-01 15:55:07'),
(2484, 3, 8, 3, '2015-02-09 19:59:07'),
(2485, 3, 8, 4, '2015-07-02 19:24:07'),
(2486, 3, 8, 2, '2015-03-25 15:17:07'),
(2487, 3, 8, 4, '2015-03-21 19:29:07'),
(2488, 3, 8, 1, '2015-01-22 09:35:07'),
(2489, 3, 8, 2, '2015-02-28 13:21:07'),
(2490, 3, 8, 1, '2015-05-01 12:58:07'),
(2491, 3, 8, 1, '2015-03-08 18:35:07'),
(2492, 3, 8, 3, '2015-05-10 10:10:07'),
(2493, 3, 8, 4, '2015-06-20 12:44:07'),
(2494, 3, 8, 2, '2015-03-06 18:19:07'),
(2495, 3, 8, 2, '2015-04-23 19:50:07'),
(2496, 3, 8, 1, '2015-06-21 17:03:07'),
(2497, 3, 8, 1, '2015-04-19 11:25:07'),
(2498, 3, 8, 2, '2015-01-23 19:08:07'),
(2499, 3, 8, 4, '2015-07-14 14:04:07'),
(2500, 3, 8, 1, '2015-05-23 17:16:07'),
(2501, 3, 8, 4, '2015-03-08 18:03:07'),
(2502, 3, 8, 2, '2015-03-20 11:17:07'),
(2503, 3, 8, 4, '2015-07-11 14:05:07'),
(2504, 3, 8, 1, '2015-02-09 10:53:07'),
(2505, 3, 8, 2, '2015-01-22 13:31:07'),
(2506, 3, 8, 1, '2015-01-27 12:57:07'),
(2507, 3, 8, 3, '2015-04-30 15:42:07'),
(2508, 3, 8, 2, '2015-03-14 17:56:07'),
(2509, 3, 8, 3, '2015-02-22 20:45:07'),
(2510, 3, 8, 2, '2015-03-31 13:25:07'),
(2511, 3, 8, 1, '2015-03-09 18:00:07'),
(2512, 3, 8, 2, '2015-07-17 09:37:07'),
(2513, 3, 8, 1, '2015-03-20 17:42:07'),
(2514, 3, 8, 4, '2015-06-06 13:00:07'),
(2515, 3, 8, 2, '2015-06-07 18:22:07'),
(2516, 3, 8, 3, '2015-02-18 12:56:07'),
(2517, 3, 8, 3, '2015-07-02 20:50:07'),
(2518, 3, 8, 2, '2015-02-28 20:04:07'),
(2519, 3, 8, 4, '2015-04-13 19:35:07'),
(2520, 3, 8, 1, '2015-07-09 10:24:07'),
(2521, 3, 8, 4, '2015-02-23 09:34:07'),
(2522, 3, 8, 3, '2015-06-26 10:15:07'),
(2523, 3, 8, 4, '2015-02-11 16:53:07'),
(2524, 3, 8, 2, '2015-02-18 11:15:07'),
(2525, 3, 8, 2, '2015-06-16 18:15:07'),
(2526, 3, 8, 2, '2015-06-27 18:24:07'),
(2527, 3, 8, 2, '2015-03-14 20:34:07'),
(2528, 3, 8, 2, '2015-03-08 10:17:07'),
(2529, 3, 8, 3, '2015-02-01 20:50:07'),
(2530, 3, 8, 2, '2015-06-20 19:30:07'),
(2531, 3, 8, 4, '2015-04-20 14:33:07'),
(2532, 3, 8, 4, '2015-04-22 19:34:07'),
(2533, 3, 8, 4, '2015-05-02 14:05:07'),
(2534, 3, 8, 4, '2015-04-02 12:57:07'),
(2535, 3, 8, 2, '2015-04-25 20:41:07'),
(2536, 3, 8, 4, '2015-01-22 17:35:07'),
(2537, 3, 8, 3, '2015-06-21 13:44:07'),
(2538, 3, 8, 1, '2015-03-08 10:50:07'),
(2539, 3, 8, 1, '2015-05-02 11:09:07'),
(2540, 3, 8, 4, '2015-07-01 14:20:07'),
(2541, 3, 8, 4, '2015-04-18 18:04:07'),
(2542, 3, 8, 3, '2015-01-29 14:04:07'),
(2543, 3, 8, 3, '2015-04-09 09:36:07'),
(2544, 3, 8, 2, '2015-01-26 10:59:07'),
(2545, 3, 8, 3, '2015-03-27 11:38:07'),
(2546, 3, 8, 1, '2015-01-23 16:58:07'),
(2547, 3, 8, 3, '2015-04-10 12:18:07'),
(2548, 3, 8, 3, '2015-03-06 17:44:07'),
(2549, 3, 8, 3, '2015-06-30 17:20:07'),
(2550, 3, 8, 3, '2015-01-31 16:38:07'),
(2551, 3, 8, 3, '2015-04-21 11:46:07'),
(2552, 3, 8, 2, '2015-06-01 13:26:07'),
(2553, 3, 8, 3, '2015-05-22 16:44:07'),
(2554, 3, 8, 2, '2015-06-05 20:41:07'),
(2555, 3, 8, 2, '2015-02-07 20:12:07'),
(2556, 3, 8, 1, '2015-06-23 20:47:07'),
(2557, 3, 8, 3, '2015-07-09 18:47:07'),
(2558, 3, 8, 2, '2015-04-24 19:52:07'),
(2559, 3, 8, 3, '2015-06-09 14:07:07'),
(2560, 3, 8, 2, '2015-06-15 15:10:07'),
(2561, 3, 8, 3, '2015-03-26 16:57:07'),
(2562, 3, 8, 1, '2015-04-08 14:28:07'),
(2563, 3, 8, 3, '2015-05-02 17:03:07'),
(2564, 3, 8, 3, '2015-02-01 12:17:07'),
(2565, 3, 8, 1, '2015-02-28 18:02:07'),
(2566, 3, 8, 1, '2015-06-17 20:21:07'),
(2567, 3, 8, 2, '2015-02-06 10:12:07'),
(2568, 3, 8, 3, '2015-06-06 13:27:07'),
(2569, 3, 8, 4, '2015-05-22 10:58:07'),
(2570, 3, 8, 4, '2015-03-10 19:20:07'),
(2571, 3, 8, 1, '2015-04-14 17:58:07'),
(2572, 3, 8, 4, '2015-06-02 17:00:07'),
(2573, 3, 8, 1, '2015-07-04 14:46:07'),
(2574, 3, 8, 4, '2015-06-10 09:37:07'),
(2575, 3, 8, 2, '2015-02-25 20:21:07'),
(2576, 3, 8, 1, '2015-03-30 16:32:07'),
(2577, 3, 8, 3, '2015-06-10 11:24:07'),
(2578, 3, 8, 2, '2015-05-10 16:26:07'),
(2579, 3, 8, 1, '2015-05-01 16:54:07'),
(2580, 3, 8, 3, '2015-07-21 12:54:07'),
(2581, 3, 8, 3, '2015-05-19 17:45:07'),
(2582, 3, 8, 1, '2015-05-18 09:32:07'),
(2583, 3, 8, 4, '2015-02-24 16:40:07'),
(2584, 3, 8, 2, '2015-05-11 19:59:07'),
(2585, 3, 8, 2, '2015-06-09 19:13:07'),
(2586, 3, 8, 2, '2015-05-20 16:57:07'),
(2587, 3, 8, 1, '2015-03-28 09:24:07'),
(2588, 3, 8, 2, '2015-05-13 11:17:07'),
(2589, 3, 8, 4, '2015-05-24 11:15:07'),
(2590, 3, 8, 1, '2015-03-22 13:19:07'),
(2591, 3, 8, 3, '2015-05-08 10:31:07'),
(2592, 3, 8, 4, '2015-01-25 17:36:08'),
(2593, 3, 8, 4, '2015-02-18 19:01:08'),
(2594, 3, 8, 3, '2015-03-28 11:40:08'),
(2595, 3, 8, 3, '2015-05-08 20:05:08'),
(2596, 3, 8, 2, '2015-05-24 20:59:08'),
(2597, 3, 8, 1, '2015-02-09 18:27:08'),
(2598, 3, 8, 1, '2015-02-19 17:47:08'),
(2599, 3, 8, 4, '2015-04-17 12:17:08'),
(2600, 3, 8, 4, '2015-04-23 17:59:08'),
(2601, 3, 8, 3, '2015-02-20 16:34:08'),
(2602, 3, 8, 4, '2015-04-17 13:30:08'),
(2603, 3, 8, 1, '2015-02-21 12:09:08'),
(2604, 3, 8, 3, '2015-06-07 19:13:08'),
(2605, 3, 8, 3, '2015-02-09 13:25:08'),
(2606, 3, 8, 4, '2015-07-06 15:31:08'),
(2607, 3, 8, 2, '2015-03-07 10:59:08'),
(2608, 3, 8, 1, '2015-02-11 11:05:08'),
(2609, 3, 8, 4, '2015-04-05 13:27:08'),
(2610, 3, 8, 1, '2015-01-27 16:02:08'),
(2611, 3, 8, 3, '2015-01-27 19:52:08'),
(2612, 3, 8, 1, '2015-05-12 12:17:08'),
(2613, 3, 8, 4, '2015-02-19 10:13:08'),
(2614, 3, 8, 3, '2015-02-23 14:30:08'),
(2615, 3, 8, 1, '2015-06-24 13:02:08'),
(2616, 3, 8, 1, '2015-02-09 19:52:08'),
(2617, 3, 8, 1, '2015-06-25 10:01:08'),
(2618, 3, 8, 3, '2015-05-06 13:13:08'),
(2619, 3, 8, 4, '2015-02-07 18:21:08'),
(2620, 3, 8, 3, '2015-02-20 12:24:08'),
(2621, 3, 8, 2, '2015-03-04 18:19:08'),
(2622, 3, 8, 2, '2015-02-27 10:37:08'),
(2623, 3, 8, 3, '2015-02-12 20:13:08'),
(2624, 3, 8, 4, '2015-06-25 10:12:08'),
(2625, 3, 8, 3, '2015-02-27 13:02:08'),
(2626, 3, 8, 3, '2015-02-20 18:57:08'),
(2627, 3, 8, 1, '2015-01-31 17:14:08'),
(2628, 3, 8, 3, '2015-05-22 11:12:08'),
(2629, 3, 8, 3, '2015-03-25 15:19:08'),
(2630, 3, 8, 2, '2015-03-04 12:37:08'),
(2631, 3, 8, 2, '2015-02-05 18:00:08'),
(2632, 3, 8, 3, '2015-03-30 20:00:08'),
(2633, 3, 8, 4, '2015-03-14 09:26:08'),
(2634, 3, 8, 3, '2015-03-18 10:42:08'),
(2635, 3, 8, 3, '2015-07-02 11:57:08'),
(2636, 3, 8, 1, '2015-03-20 17:51:08'),
(2637, 3, 8, 3, '2015-07-17 15:06:08'),
(2638, 3, 8, 3, '2015-05-05 19:41:08'),
(2639, 3, 8, 2, '2015-01-24 09:09:08'),
(2640, 3, 8, 3, '2015-07-09 16:18:08'),
(2641, 3, 8, 3, '2015-02-26 09:11:08'),
(2642, 3, 8, 2, '2015-06-07 12:08:08'),
(2643, 3, 8, 3, '2015-06-18 09:16:08'),
(2644, 3, 8, 4, '2015-05-19 15:47:08'),
(2645, 3, 8, 3, '2015-04-03 14:16:08'),
(2646, 3, 8, 4, '2015-02-08 13:53:08'),
(2647, 3, 8, 1, '2015-02-18 17:29:08'),
(2648, 3, 8, 1, '2015-06-10 09:51:08'),
(2649, 3, 8, 1, '2015-06-12 15:34:08'),
(2650, 3, 8, 4, '2015-02-18 18:02:08'),
(2651, 3, 8, 3, '2015-06-01 17:36:08'),
(2652, 3, 8, 4, '2015-02-17 16:07:08'),
(2653, 3, 8, 4, '2015-07-09 18:23:08'),
(2654, 3, 8, 4, '2015-06-25 18:47:08'),
(2655, 3, 8, 1, '2015-02-02 12:25:08'),
(2656, 3, 8, 2, '2015-03-30 10:07:08'),
(2657, 3, 8, 3, '2015-01-31 19:16:08');
INSERT INTO `answers` (`id`, `office_id`, `question_id`, `answer`, `time`) VALUES
(2658, 3, 8, 3, '2015-03-25 16:48:08'),
(2659, 3, 8, 2, '2015-03-05 19:59:08'),
(2660, 3, 8, 4, '2015-07-19 10:49:08'),
(2661, 3, 8, 3, '2015-05-12 18:28:08'),
(2662, 3, 8, 2, '2015-04-16 19:33:08'),
(2663, 3, 8, 1, '2015-04-01 14:21:08'),
(2664, 3, 8, 4, '2015-03-16 14:49:08'),
(2665, 3, 8, 4, '2015-04-08 09:51:08'),
(2666, 3, 8, 4, '2015-02-23 10:07:08'),
(2667, 3, 8, 3, '2015-04-29 10:09:08'),
(2668, 3, 8, 4, '2015-02-18 17:18:08'),
(2669, 3, 8, 4, '2015-02-21 20:48:08'),
(2670, 3, 8, 4, '2015-04-29 15:50:08'),
(2671, 3, 8, 4, '2015-02-06 09:17:08'),
(2672, 3, 8, 3, '2015-05-04 09:37:08'),
(2673, 3, 8, 1, '2015-04-01 19:57:08'),
(2674, 3, 8, 3, '2015-06-20 16:37:08'),
(2675, 3, 8, 4, '2015-05-01 11:33:08'),
(2676, 3, 8, 2, '2015-01-23 15:59:08'),
(2677, 3, 8, 2, '2015-06-15 10:00:08'),
(2678, 3, 8, 3, '2015-06-13 11:35:08'),
(2679, 3, 8, 4, '2015-02-02 20:43:08'),
(2680, 3, 8, 2, '2015-04-05 15:07:08'),
(2681, 3, 8, 1, '2015-05-06 18:31:08'),
(2682, 3, 8, 3, '2015-05-11 14:47:08'),
(2683, 3, 8, 1, '2015-06-09 15:11:08'),
(2684, 3, 8, 2, '2015-02-27 19:42:08'),
(2685, 3, 8, 3, '2015-06-15 18:45:08'),
(2686, 3, 8, 3, '2015-04-08 14:38:08'),
(2687, 3, 8, 2, '2015-05-17 19:54:08'),
(2688, 3, 8, 3, '2015-04-08 12:47:08'),
(2689, 3, 8, 4, '2015-04-06 09:51:08'),
(2690, 3, 8, 2, '2015-01-22 15:03:08'),
(2691, 3, 8, 3, '2015-07-21 09:56:08'),
(2692, 3, 8, 4, '2015-04-13 11:11:08'),
(2693, 3, 10, 2, '2015-03-14 18:35:09'),
(2694, 3, 10, 4, '2015-06-12 12:01:09'),
(2695, 3, 10, 1, '2015-01-28 15:29:09'),
(2696, 3, 10, 4, '2015-03-05 13:14:09'),
(2697, 3, 10, 1, '2015-01-28 19:57:09'),
(2698, 3, 10, 3, '2015-07-21 12:33:09'),
(2699, 3, 10, 1, '2015-02-06 20:32:09'),
(2700, 3, 10, 3, '2015-03-29 19:17:09'),
(2701, 3, 10, 4, '2015-05-25 18:52:09'),
(2702, 3, 10, 4, '2015-03-20 14:18:09'),
(2703, 3, 10, 4, '2015-05-19 13:31:09'),
(2704, 3, 10, 2, '2015-05-15 08:59:09'),
(2705, 3, 10, 2, '2015-06-12 20:21:09'),
(2706, 3, 10, 2, '2015-02-01 20:38:09'),
(2707, 3, 10, 4, '2015-03-01 13:26:09'),
(2708, 3, 10, 4, '2015-05-01 18:47:09'),
(2709, 3, 10, 2, '2015-05-25 14:09:09'),
(2710, 3, 10, 1, '2015-06-05 18:07:09'),
(2711, 3, 10, 2, '2015-01-31 11:32:09'),
(2712, 3, 10, 1, '2015-07-07 17:23:09'),
(2713, 3, 10, 1, '2015-04-27 20:06:09'),
(2714, 3, 10, 1, '2015-05-11 20:49:09'),
(2715, 3, 10, 3, '2015-04-05 18:11:09'),
(2716, 3, 10, 2, '2015-02-06 16:06:09'),
(2717, 3, 10, 1, '2015-04-06 15:07:09'),
(2718, 3, 10, 2, '2015-03-18 09:11:09'),
(2719, 3, 10, 3, '2015-02-02 13:06:09'),
(2720, 3, 10, 2, '2015-05-07 16:26:09'),
(2721, 3, 10, 3, '2015-06-04 19:26:09'),
(2722, 3, 10, 3, '2015-06-27 13:00:09'),
(2723, 3, 10, 2, '2015-04-18 13:57:09'),
(2724, 3, 10, 2, '2015-03-29 17:38:09'),
(2725, 3, 10, 2, '2015-05-19 18:06:09'),
(2726, 3, 10, 1, '2015-03-19 19:48:09'),
(2727, 3, 10, 3, '2015-05-08 18:47:09'),
(2728, 3, 10, 3, '2015-04-25 19:04:09'),
(2729, 3, 10, 1, '2015-03-10 18:00:09'),
(2730, 3, 10, 4, '2015-03-11 09:06:09'),
(2731, 3, 10, 3, '2015-05-15 13:03:09'),
(2732, 3, 10, 4, '2015-03-29 12:28:09'),
(2733, 3, 10, 4, '2015-03-24 11:38:09'),
(2734, 3, 10, 1, '2015-02-19 11:20:09'),
(2735, 3, 10, 2, '2015-04-13 13:34:09'),
(2736, 3, 10, 4, '2015-06-10 18:36:09'),
(2737, 3, 10, 3, '2015-06-26 18:13:09'),
(2738, 3, 10, 4, '2015-03-24 19:32:09'),
(2739, 3, 10, 3, '2015-05-02 17:31:09'),
(2740, 3, 10, 4, '2015-06-16 20:54:09'),
(2741, 3, 10, 3, '2015-03-20 13:18:09'),
(2742, 3, 10, 3, '2015-05-20 12:57:09'),
(2743, 3, 10, 2, '2015-01-23 15:35:09'),
(2744, 3, 10, 4, '2015-06-13 13:41:09'),
(2745, 3, 10, 3, '2015-04-13 19:24:09'),
(2746, 3, 10, 2, '2015-01-24 13:07:09'),
(2747, 3, 10, 1, '2015-02-03 12:17:09'),
(2748, 3, 10, 3, '2015-02-27 15:13:09'),
(2749, 3, 10, 2, '2015-03-22 09:06:09'),
(2750, 3, 10, 1, '2015-04-16 13:07:09'),
(2751, 3, 10, 2, '2015-02-26 19:23:09'),
(2752, 3, 10, 1, '2015-01-27 16:16:09'),
(2753, 3, 10, 2, '2015-06-15 11:16:09'),
(2754, 3, 10, 4, '2015-02-27 17:37:09'),
(2755, 3, 10, 2, '2015-06-24 16:18:09'),
(2756, 3, 10, 4, '2015-03-01 11:03:09'),
(2757, 3, 10, 3, '2015-04-27 18:27:09'),
(2758, 3, 10, 3, '2015-06-22 10:12:09'),
(2759, 3, 10, 1, '2015-06-17 11:40:09'),
(2760, 3, 10, 1, '2015-07-16 16:34:09'),
(2761, 3, 10, 3, '2015-03-27 15:18:09'),
(2762, 3, 10, 1, '2015-03-02 11:23:09'),
(2763, 3, 10, 4, '2015-06-21 10:22:09'),
(2764, 3, 10, 3, '2015-04-20 18:41:09'),
(2765, 3, 10, 2, '2015-06-27 17:35:09'),
(2766, 3, 10, 2, '2015-06-26 15:54:09'),
(2767, 3, 10, 3, '2015-02-17 19:02:09'),
(2768, 3, 10, 3, '2015-07-14 10:49:09'),
(2769, 3, 10, 2, '2015-05-26 16:09:09'),
(2770, 3, 10, 1, '2015-01-28 15:44:09'),
(2771, 3, 10, 4, '2015-02-15 11:12:09'),
(2772, 3, 10, 2, '2015-04-06 13:32:09'),
(2773, 3, 10, 4, '2015-06-07 13:33:09'),
(2774, 3, 10, 3, '2015-03-24 15:41:09'),
(2775, 3, 10, 3, '2015-03-06 12:05:09'),
(2776, 3, 10, 2, '2015-04-17 19:08:09'),
(2777, 3, 10, 4, '2015-02-15 14:38:09'),
(2778, 3, 10, 2, '2015-05-27 18:38:09'),
(2779, 3, 10, 3, '2015-07-19 20:18:09'),
(2780, 3, 10, 3, '2015-02-05 09:56:09'),
(2781, 3, 10, 3, '2015-04-08 09:40:09'),
(2782, 3, 10, 4, '2015-06-23 16:00:09'),
(2783, 3, 10, 2, '2015-04-23 10:34:09'),
(2784, 3, 10, 4, '2015-04-30 19:12:09'),
(2785, 3, 10, 3, '2015-02-11 11:29:09'),
(2786, 3, 10, 1, '2015-03-27 10:14:09'),
(2787, 3, 10, 1, '2015-07-08 15:35:09'),
(2788, 3, 10, 1, '2015-05-09 09:15:09'),
(2789, 3, 10, 1, '2015-02-03 16:04:09'),
(2790, 3, 10, 3, '2015-04-15 14:07:09'),
(2791, 3, 10, 4, '2015-03-14 11:22:10'),
(2792, 3, 10, 2, '2015-05-15 16:01:10'),
(2793, 3, 10, 1, '2015-06-23 16:38:10'),
(2794, 3, 10, 3, '2015-04-04 10:16:10'),
(2795, 3, 10, 1, '2015-02-13 11:19:10'),
(2796, 3, 10, 1, '2015-06-26 11:45:10'),
(2797, 3, 10, 1, '2015-06-09 10:55:10'),
(2798, 3, 10, 4, '2015-03-21 19:03:10'),
(2799, 3, 10, 1, '2015-06-12 17:51:10'),
(2800, 3, 10, 2, '2015-07-08 17:41:10'),
(2801, 3, 10, 3, '2015-03-05 19:46:10'),
(2802, 3, 10, 1, '2015-06-13 20:37:10'),
(2803, 3, 10, 1, '2015-05-11 09:29:10'),
(2804, 3, 10, 4, '2015-04-24 18:30:10'),
(2805, 3, 10, 2, '2015-06-23 19:59:10'),
(2806, 3, 10, 3, '2015-05-06 10:07:10'),
(2807, 3, 10, 3, '2015-03-09 19:05:10'),
(2808, 3, 10, 1, '2015-02-04 13:21:10'),
(2809, 3, 10, 2, '2015-07-07 17:03:10'),
(2810, 3, 10, 3, '2015-01-25 19:51:10'),
(2811, 3, 10, 2, '2015-04-20 12:42:10'),
(2812, 3, 10, 3, '2015-01-30 19:50:10'),
(2813, 3, 10, 4, '2015-04-19 11:44:10'),
(2814, 3, 10, 3, '2015-04-04 10:20:10'),
(2815, 3, 10, 1, '2015-03-12 16:59:10'),
(2816, 3, 10, 1, '2015-03-24 13:36:10'),
(2817, 3, 10, 3, '2015-07-12 12:23:10'),
(2818, 3, 10, 4, '2015-05-27 18:28:10'),
(2819, 3, 10, 4, '2015-05-08 19:20:10'),
(2820, 3, 10, 2, '2015-06-16 14:23:10'),
(2821, 3, 10, 2, '2015-05-19 14:06:10'),
(2822, 3, 10, 1, '2015-05-25 17:33:10'),
(2823, 3, 10, 2, '2015-03-21 10:11:10'),
(2824, 3, 10, 4, '2015-06-30 16:16:10'),
(2825, 3, 10, 3, '2015-04-24 09:32:10'),
(2826, 3, 10, 4, '2015-07-10 19:45:10'),
(2827, 3, 10, 4, '2015-06-11 15:44:10'),
(2828, 3, 10, 1, '2015-06-29 09:17:10'),
(2829, 3, 10, 4, '2015-02-17 20:25:10'),
(2830, 3, 10, 1, '2015-01-31 16:44:10'),
(2831, 3, 10, 4, '2015-04-20 20:13:10'),
(2832, 3, 10, 4, '2015-05-15 11:35:10'),
(2833, 3, 10, 4, '2015-05-01 20:30:10'),
(2834, 3, 10, 3, '2015-04-17 14:22:10'),
(2835, 3, 10, 4, '2015-03-15 14:59:10'),
(2836, 3, 10, 3, '2015-05-31 11:23:10'),
(2837, 3, 10, 1, '2015-03-29 11:51:10'),
(2838, 3, 10, 3, '2015-05-20 14:59:10'),
(2839, 3, 10, 3, '2015-01-26 18:07:10'),
(2840, 3, 10, 1, '2015-03-04 13:49:10'),
(2841, 3, 10, 2, '2015-01-31 15:31:10'),
(2842, 3, 10, 4, '2015-03-21 19:26:10'),
(2843, 3, 10, 4, '2015-04-15 19:27:10'),
(2844, 3, 10, 4, '2015-02-14 19:02:10'),
(2845, 3, 10, 1, '2015-02-06 20:03:10'),
(2846, 3, 10, 3, '2015-06-05 12:55:10'),
(2847, 3, 10, 2, '2015-02-02 20:18:10'),
(2848, 3, 10, 1, '2015-03-11 10:56:10'),
(2849, 3, 10, 1, '2015-07-16 11:01:10'),
(2850, 3, 10, 1, '2015-03-04 10:24:10'),
(2851, 3, 10, 4, '2015-06-02 14:59:10'),
(2852, 3, 10, 4, '2015-05-30 15:58:10'),
(2853, 3, 10, 1, '2015-03-06 13:44:10'),
(2854, 3, 10, 4, '2015-03-15 15:04:10'),
(2855, 3, 10, 4, '2015-03-06 12:23:10'),
(2856, 3, 10, 2, '2015-06-02 09:12:10'),
(2857, 3, 10, 4, '2015-03-07 19:37:10'),
(2858, 3, 10, 1, '2015-03-19 12:43:10'),
(2859, 3, 10, 1, '2015-03-08 10:59:10'),
(2860, 3, 10, 4, '2015-04-08 10:27:10'),
(2861, 3, 10, 2, '2015-05-25 14:25:10'),
(2862, 3, 10, 4, '2015-04-25 13:03:10'),
(2863, 3, 10, 2, '2015-04-21 20:57:10'),
(2864, 3, 10, 3, '2015-07-04 10:25:10'),
(2865, 3, 10, 4, '2015-02-06 13:57:10'),
(2866, 3, 10, 2, '2015-02-18 19:25:10'),
(2867, 3, 10, 4, '2015-05-29 10:29:10'),
(2868, 3, 10, 4, '2015-02-06 18:49:10'),
(2869, 3, 10, 4, '2015-07-19 15:54:10'),
(2870, 3, 10, 1, '2015-05-22 11:39:10'),
(2871, 3, 10, 1, '2015-05-19 13:12:10'),
(2872, 3, 10, 1, '2015-05-10 10:29:10'),
(2873, 3, 10, 1, '2015-04-06 16:33:10'),
(2874, 3, 10, 1, '2015-05-19 13:22:10'),
(2875, 3, 10, 2, '2015-06-21 16:06:10'),
(2876, 3, 10, 1, '2015-05-10 12:07:10'),
(2877, 3, 10, 2, '2015-03-16 11:33:10'),
(2878, 3, 10, 4, '2015-02-21 14:49:10'),
(2879, 3, 10, 1, '2015-06-13 09:21:10'),
(2880, 3, 10, 3, '2015-05-28 14:42:10'),
(2881, 3, 10, 4, '2015-07-19 13:21:10'),
(2882, 3, 10, 1, '2015-04-07 13:06:10'),
(2883, 3, 10, 4, '2015-03-30 20:55:10'),
(2884, 3, 10, 1, '2015-06-03 19:50:10'),
(2885, 3, 10, 3, '2015-03-09 19:59:10'),
(2886, 3, 10, 3, '2015-03-06 19:35:10'),
(2887, 3, 10, 2, '2015-06-28 16:04:10'),
(2888, 3, 10, 4, '2015-01-30 16:09:10'),
(2889, 3, 10, 3, '2015-05-14 10:05:10'),
(2890, 3, 10, 4, '2015-07-06 15:31:11'),
(2891, 3, 10, 4, '2015-04-25 13:40:11'),
(2892, 3, 10, 1, '2015-02-10 18:21:11'),
(2893, 3, 10, 1, '2015-01-31 20:34:11'),
(2894, 3, 10, 1, '2015-05-06 09:51:11'),
(2895, 3, 10, 4, '2015-04-29 15:24:11'),
(2896, 3, 10, 3, '2015-03-01 15:05:11'),
(2897, 3, 10, 2, '2015-06-25 18:29:11'),
(2898, 3, 10, 2, '2015-05-28 20:49:11'),
(2899, 3, 10, 4, '2015-05-22 09:59:11'),
(2900, 3, 10, 4, '2015-07-02 10:16:11'),
(2901, 3, 10, 2, '2015-06-02 19:59:11'),
(2902, 3, 10, 3, '2015-02-22 12:04:11'),
(2903, 3, 10, 4, '2015-03-02 11:33:11'),
(2904, 3, 10, 4, '2015-05-03 16:28:11'),
(2905, 3, 10, 4, '2015-04-16 14:01:11'),
(2906, 3, 10, 4, '2015-05-11 20:22:11'),
(2907, 3, 10, 3, '2015-05-04 12:33:11'),
(2908, 3, 10, 1, '2015-06-02 15:10:11'),
(2909, 3, 10, 4, '2015-02-24 10:39:11'),
(2910, 3, 10, 1, '2015-06-03 12:30:11'),
(2911, 3, 10, 2, '2015-04-21 11:59:11'),
(2912, 3, 10, 2, '2015-02-04 19:19:11'),
(2913, 3, 10, 3, '2015-03-18 17:34:11'),
(2914, 3, 10, 3, '2015-03-12 12:58:11'),
(2915, 3, 10, 2, '2015-05-27 10:34:11'),
(2916, 3, 10, 1, '2015-04-27 19:56:11'),
(2917, 3, 10, 2, '2015-04-24 20:38:11'),
(2918, 3, 10, 1, '2015-04-11 09:20:11'),
(2919, 3, 10, 4, '2015-01-27 09:39:11'),
(2920, 3, 10, 1, '2015-04-25 19:50:11'),
(2921, 3, 10, 2, '2015-06-16 11:15:11'),
(2922, 3, 10, 2, '2015-04-01 19:38:11'),
(2923, 3, 10, 2, '2015-03-18 14:58:11'),
(2924, 3, 10, 4, '2015-05-09 10:46:11'),
(2925, 3, 10, 2, '2015-06-03 10:45:11'),
(2926, 3, 10, 3, '2015-07-19 10:57:11'),
(2927, 3, 10, 3, '2015-04-29 09:00:11'),
(2928, 3, 10, 1, '2015-04-29 09:27:11'),
(2929, 3, 10, 3, '2015-04-08 15:59:11'),
(2930, 3, 10, 4, '2015-02-26 15:03:11'),
(2931, 3, 10, 2, '2015-04-27 19:00:11'),
(2932, 3, 10, 3, '2015-07-20 11:25:11'),
(2933, 3, 10, 4, '2015-04-10 15:59:11'),
(2934, 3, 10, 4, '2015-04-27 10:53:11'),
(2935, 3, 10, 3, '2015-04-11 12:23:11'),
(2936, 3, 10, 3, '2015-05-22 13:55:11'),
(2937, 3, 10, 4, '2015-04-09 11:50:11'),
(2938, 3, 10, 1, '2015-06-25 11:36:11'),
(2939, 3, 10, 3, '2015-05-26 12:50:11'),
(2940, 3, 10, 3, '2015-05-25 14:57:11'),
(2941, 3, 10, 3, '2015-05-23 20:50:11'),
(2942, 3, 10, 2, '2015-05-06 16:35:11'),
(2943, 3, 10, 1, '2015-02-19 18:34:11'),
(2944, 3, 10, 1, '2015-05-19 14:20:11'),
(2945, 3, 10, 1, '2015-05-27 19:07:11'),
(2946, 3, 10, 2, '2015-04-12 17:38:11'),
(2947, 3, 10, 2, '2015-03-30 16:47:11'),
(2948, 3, 10, 3, '2015-05-18 14:16:11'),
(2949, 3, 10, 1, '2015-02-22 14:38:11'),
(2950, 3, 10, 2, '2015-04-02 13:02:11'),
(2951, 3, 10, 4, '2015-06-21 19:12:11'),
(2952, 3, 10, 4, '2015-02-09 12:06:11'),
(2953, 3, 10, 3, '2015-03-28 13:42:11'),
(2954, 3, 10, 2, '2015-06-07 09:16:11'),
(2955, 3, 10, 3, '2015-04-30 15:19:11'),
(2956, 3, 10, 1, '2015-03-18 10:32:11'),
(2957, 3, 10, 2, '2015-05-24 13:56:11'),
(2958, 3, 10, 1, '2015-06-07 13:10:11'),
(2959, 3, 10, 3, '2015-01-29 12:38:11'),
(2960, 3, 10, 1, '2015-05-20 11:40:11'),
(2961, 3, 10, 4, '2015-02-07 16:51:11'),
(2962, 3, 10, 1, '2015-05-14 18:11:11'),
(2963, 3, 10, 1, '2015-03-01 09:49:11'),
(2964, 3, 10, 1, '2015-06-23 20:38:11'),
(2965, 3, 10, 4, '2015-04-17 17:43:11'),
(2966, 3, 10, 4, '2015-03-29 15:23:11'),
(2967, 3, 10, 2, '2015-03-01 19:04:11'),
(2968, 3, 10, 2, '2015-07-10 17:03:11'),
(2969, 3, 10, 1, '2015-06-02 12:45:11'),
(2970, 3, 10, 3, '2015-07-08 20:27:11'),
(2971, 3, 10, 4, '2015-02-16 11:34:11'),
(2972, 3, 10, 3, '2015-04-05 19:15:11'),
(2973, 3, 10, 4, '2015-04-29 09:14:11'),
(2974, 3, 10, 2, '2015-02-11 10:34:11'),
(2975, 3, 10, 3, '2015-07-16 13:50:11'),
(2976, 3, 10, 3, '2015-07-02 11:35:11'),
(2977, 3, 10, 3, '2015-04-09 18:09:11'),
(2978, 3, 10, 3, '2015-04-07 15:01:11'),
(2979, 3, 10, 1, '2015-04-10 14:27:11'),
(2980, 3, 10, 4, '2015-03-12 09:17:11'),
(2981, 3, 10, 3, '2015-05-06 13:16:11'),
(2982, 3, 10, 1, '2015-03-27 19:18:11'),
(2983, 3, 10, 1, '2015-05-10 19:50:11'),
(2984, 3, 10, 1, '2015-06-07 13:40:11'),
(2985, 3, 10, 4, '2015-02-28 20:22:11'),
(2986, 3, 10, 3, '2015-04-02 10:54:11'),
(2987, 3, 10, 1, '2015-05-14 12:00:11'),
(2988, 3, 10, 3, '2015-07-01 10:00:11'),
(2989, 3, 10, 3, '2015-06-20 12:04:11'),
(2990, 3, 10, 1, '2015-04-14 19:11:11'),
(2991, 3, 10, 3, '2015-03-21 14:18:11'),
(2992, 3, 10, 2, '2015-07-01 17:48:11'),
(2993, 3, 10, 1, '2015-06-12 10:11:11'),
(2994, 3, 10, 3, '2015-06-29 15:28:11'),
(2995, 3, 10, 3, '2015-07-15 09:27:11'),
(2996, 3, 10, 3, '2015-06-20 10:30:11'),
(2997, 3, 10, 3, '2015-03-17 12:38:11'),
(2998, 3, 10, 2, '2015-01-27 10:37:11'),
(2999, 3, 10, 3, '2015-05-17 16:50:11'),
(3000, 3, 10, 4, '2015-02-27 15:38:11'),
(3001, 3, 10, 4, '2015-02-12 13:33:11'),
(3002, 3, 10, 2, '2015-03-03 13:23:11'),
(3003, 3, 10, 1, '2015-06-06 18:38:11'),
(3004, 3, 10, 2, '2015-06-12 19:37:11'),
(3005, 3, 10, 2, '2015-06-04 10:22:11'),
(3006, 3, 10, 1, '2015-03-05 14:40:11'),
(3007, 3, 10, 4, '2015-03-04 18:08:11'),
(3008, 3, 10, 1, '2015-03-20 13:14:11'),
(3009, 3, 10, 4, '2015-04-26 10:42:11'),
(3010, 3, 10, 4, '2015-06-25 10:48:11'),
(3011, 3, 10, 2, '2015-03-15 14:13:11'),
(3012, 3, 10, 2, '2015-04-11 10:18:11'),
(3013, 3, 10, 3, '2015-07-01 10:48:11'),
(3014, 3, 10, 1, '2015-06-15 11:10:11'),
(3015, 3, 10, 3, '2015-03-27 20:33:11'),
(3016, 3, 10, 1, '2015-02-10 16:34:11'),
(3017, 3, 10, 4, '2015-05-23 13:48:11'),
(3018, 3, 10, 1, '2015-04-08 18:42:11'),
(3019, 3, 10, 3, '2015-04-15 18:34:11'),
(3020, 3, 10, 3, '2015-07-03 20:05:11'),
(3021, 3, 10, 1, '2015-03-16 20:56:11'),
(3022, 3, 10, 3, '2015-07-12 11:36:11'),
(3023, 3, 10, 4, '2015-07-18 09:48:11'),
(3024, 3, 10, 4, '2015-04-15 20:21:11'),
(3025, 3, 10, 3, '2015-07-04 19:59:11'),
(3026, 3, 10, 4, '2015-04-25 19:54:11'),
(3027, 3, 10, 1, '2015-06-11 14:32:11'),
(3028, 3, 10, 3, '2015-05-28 17:03:11'),
(3029, 3, 10, 4, '2015-03-02 18:11:11'),
(3030, 3, 10, 4, '2015-02-26 20:44:11'),
(3031, 3, 10, 4, '2015-07-02 20:29:11'),
(3032, 3, 10, 4, '2015-06-24 18:42:11'),
(3033, 3, 10, 3, '2015-06-09 11:33:12'),
(3034, 3, 10, 1, '2015-04-28 14:17:12'),
(3035, 3, 10, 2, '2015-03-27 12:13:12'),
(3036, 3, 10, 4, '2015-06-25 14:29:12'),
(3037, 3, 10, 2, '2015-02-04 11:53:12'),
(3038, 3, 10, 3, '2015-02-27 09:11:12'),
(3039, 3, 10, 4, '2015-03-29 09:23:12'),
(3040, 3, 10, 2, '2015-04-12 09:15:12'),
(3041, 3, 10, 4, '2015-03-19 09:14:12'),
(3042, 3, 10, 2, '2015-07-13 16:15:12'),
(3043, 3, 10, 4, '2015-05-20 20:07:12'),
(3044, 3, 10, 2, '2015-03-29 20:20:12'),
(3045, 3, 10, 2, '2015-03-27 12:13:12'),
(3046, 3, 10, 2, '2015-02-14 16:13:12'),
(3047, 3, 10, 4, '2015-04-23 18:26:12'),
(3048, 3, 10, 2, '2015-05-21 17:41:12'),
(3049, 3, 10, 2, '2015-02-20 09:33:12'),
(3050, 3, 10, 3, '2015-06-07 17:50:12'),
(3051, 3, 10, 2, '2015-05-12 11:32:12'),
(3052, 3, 10, 1, '2015-03-08 18:38:16'),
(3053, 3, 10, 2, '2015-06-21 14:10:16'),
(3054, 3, 10, 2, '2015-05-05 13:09:16'),
(3055, 3, 10, 2, '2015-03-27 16:10:16'),
(3056, 3, 10, 1, '2015-04-25 20:39:16'),
(3057, 3, 10, 1, '2015-04-06 12:57:16'),
(3058, 3, 10, 1, '2015-06-20 19:37:16'),
(3059, 3, 10, 2, '2015-05-19 10:15:16'),
(3060, 3, 10, 1, '2015-02-13 20:23:16'),
(3061, 3, 10, 2, '2015-05-23 09:47:16'),
(3062, 3, 10, 2, '2015-03-02 20:08:16'),
(3063, 3, 10, 2, '2015-02-12 18:31:16'),
(3064, 3, 10, 1, '2015-04-21 17:09:16'),
(3065, 3, 10, 2, '2015-07-17 13:50:16'),
(3066, 3, 10, 1, '2015-06-20 10:00:16'),
(3067, 3, 10, 2, '2015-04-26 11:06:16'),
(3068, 3, 10, 1, '2015-05-24 20:12:16'),
(3069, 3, 10, 2, '2015-04-08 19:50:16'),
(3070, 3, 10, 1, '2015-06-14 19:09:16'),
(3071, 3, 10, 1, '2015-02-24 19:55:16'),
(3072, 3, 10, 1, '2015-03-12 11:17:16'),
(3073, 3, 10, 2, '2015-04-20 17:55:16'),
(3074, 3, 10, 2, '2015-04-16 14:43:16'),
(3075, 3, 10, 1, '2015-04-11 14:01:16'),
(3076, 3, 10, 2, '2015-02-18 16:31:16'),
(3077, 3, 10, 1, '2015-03-15 18:43:16'),
(3078, 3, 10, 1, '2015-07-01 16:37:16'),
(3079, 3, 10, 2, '2015-03-04 14:51:16'),
(3080, 3, 10, 1, '2015-04-07 15:30:16'),
(3081, 3, 10, 2, '2015-03-12 14:33:16'),
(3082, 3, 10, 2, '2015-05-03 15:15:16'),
(3083, 3, 10, 2, '2015-04-30 19:36:16'),
(3084, 3, 10, 1, '2015-02-20 20:53:16'),
(3085, 3, 10, 2, '2015-07-20 09:12:16'),
(3086, 3, 10, 1, '2015-05-20 10:10:16'),
(3087, 3, 10, 2, '2015-03-08 18:39:16'),
(3088, 3, 10, 2, '2015-06-01 17:26:16'),
(3089, 3, 10, 2, '2015-03-29 19:48:16'),
(3090, 3, 10, 1, '2015-06-27 13:46:16'),
(3091, 3, 10, 1, '2015-03-28 18:48:16'),
(3092, 3, 10, 2, '2015-03-11 09:51:16'),
(3093, 3, 10, 1, '2015-02-28 14:23:16'),
(3094, 3, 10, 1, '2015-04-02 18:31:16'),
(3095, 3, 10, 1, '2015-06-27 17:30:16'),
(3096, 3, 10, 1, '2015-03-22 13:28:16'),
(3097, 3, 10, 2, '2015-05-15 20:00:16'),
(3098, 3, 10, 2, '2015-01-25 09:52:16'),
(3099, 3, 10, 1, '2015-03-26 19:19:16'),
(3100, 3, 10, 2, '2015-06-17 18:21:16'),
(3101, 3, 10, 2, '2015-03-01 18:31:16'),
(3102, 3, 10, 1, '2015-07-12 16:07:16'),
(3103, 3, 10, 2, '2015-05-25 17:43:16'),
(3104, 3, 10, 1, '2015-05-18 10:18:16'),
(3105, 3, 10, 1, '2015-07-21 13:42:16'),
(3106, 3, 10, 2, '2015-03-01 12:48:16'),
(3107, 3, 10, 1, '2015-02-04 12:22:16'),
(3108, 3, 10, 1, '2015-07-09 14:31:16'),
(3109, 3, 10, 1, '2015-05-05 16:11:16'),
(3110, 3, 10, 1, '2015-04-19 12:04:16'),
(3111, 3, 10, 1, '2015-07-18 09:01:16'),
(3112, 3, 10, 1, '2015-06-01 12:23:16'),
(3113, 3, 10, 2, '2015-03-28 18:42:16'),
(3114, 3, 10, 2, '2015-04-03 12:37:16'),
(3115, 3, 10, 1, '2015-07-10 13:03:16'),
(3116, 3, 10, 1, '2015-03-08 13:34:16'),
(3117, 3, 10, 2, '2015-03-04 19:54:16'),
(3118, 3, 10, 1, '2015-01-24 11:01:16'),
(3119, 3, 10, 1, '2015-02-18 17:45:16'),
(3120, 3, 10, 1, '2015-07-19 16:32:16'),
(3121, 3, 10, 2, '2015-07-02 18:40:16'),
(3122, 3, 10, 1, '2015-05-22 20:47:16'),
(3123, 3, 10, 2, '2015-03-10 14:07:16'),
(3124, 3, 10, 1, '2015-07-04 09:49:16'),
(3125, 3, 10, 2, '2015-05-13 20:08:16'),
(3126, 3, 10, 1, '2015-07-04 11:46:16'),
(3127, 3, 10, 1, '2015-03-04 13:52:16'),
(3128, 3, 10, 1, '2015-06-10 20:09:16'),
(3129, 3, 10, 2, '2015-06-02 13:12:16'),
(3130, 3, 10, 2, '2015-02-01 17:18:16'),
(3131, 3, 10, 1, '2015-07-13 18:20:16'),
(3132, 3, 10, 2, '2015-07-18 09:47:16'),
(3133, 3, 10, 1, '2015-03-13 18:38:16'),
(3134, 3, 10, 2, '2015-02-06 17:23:16'),
(3135, 3, 10, 1, '2015-05-19 13:47:16'),
(3136, 3, 10, 2, '2015-02-08 11:08:16'),
(3137, 3, 10, 2, '2015-06-07 16:49:16'),
(3138, 3, 10, 1, '2015-04-17 10:10:16'),
(3139, 3, 10, 1, '2015-05-26 16:41:16'),
(3140, 3, 10, 1, '2015-03-10 10:57:16'),
(3141, 3, 10, 2, '2015-07-15 09:28:16'),
(3142, 3, 10, 1, '2015-02-21 20:08:16'),
(3143, 3, 10, 1, '2015-03-06 20:00:16'),
(3144, 3, 10, 2, '2015-03-17 14:30:16'),
(3145, 3, 10, 1, '2015-07-17 16:23:16'),
(3146, 3, 10, 1, '2015-07-09 10:49:16'),
(3147, 3, 10, 1, '2015-04-03 16:43:16'),
(3148, 3, 10, 2, '2015-01-23 17:39:16'),
(3149, 3, 10, 1, '2015-03-21 12:50:16'),
(3150, 3, 10, 1, '2015-05-27 10:44:16'),
(3151, 3, 10, 2, '2015-05-15 14:34:16'),
(3152, 3, 10, 1, '2015-04-02 10:50:16'),
(3153, 3, 10, 2, '2015-05-26 17:01:16'),
(3154, 3, 10, 2, '2015-01-23 17:35:16'),
(3155, 3, 10, 1, '2015-05-19 15:49:16'),
(3156, 3, 10, 1, '2015-06-17 20:46:16'),
(3157, 3, 10, 1, '2015-07-07 13:48:16'),
(3158, 3, 10, 2, '2015-03-10 16:08:16'),
(3159, 3, 10, 1, '2015-06-30 17:51:16'),
(3160, 3, 10, 2, '2015-05-16 12:42:16'),
(3161, 3, 10, 2, '2015-03-14 10:09:16'),
(3162, 3, 10, 2, '2015-05-13 17:26:16'),
(3163, 3, 10, 2, '2015-03-15 16:54:16'),
(3164, 3, 10, 2, '2015-07-16 18:46:16'),
(3165, 3, 10, 1, '2015-05-28 17:11:16'),
(3166, 3, 10, 1, '2015-03-04 14:01:16'),
(3167, 3, 10, 1, '2015-04-12 15:50:16'),
(3168, 3, 10, 1, '2015-06-07 20:04:16'),
(3169, 3, 10, 1, '2015-05-01 15:47:16'),
(3170, 3, 10, 1, '2015-02-19 16:12:16'),
(3171, 3, 10, 2, '2015-06-29 10:27:16'),
(3172, 3, 10, 1, '2015-04-21 20:17:16'),
(3173, 3, 10, 1, '2015-02-02 19:52:16'),
(3174, 3, 10, 1, '2015-01-23 14:49:16'),
(3175, 3, 10, 2, '2015-05-20 20:13:16'),
(3176, 3, 10, 2, '2015-07-18 15:34:16'),
(3177, 3, 10, 1, '2015-07-09 09:15:16'),
(3178, 3, 10, 2, '2015-03-31 18:40:16'),
(3179, 3, 10, 2, '2015-02-25 09:43:16'),
(3180, 3, 10, 2, '2015-05-04 15:17:16'),
(3181, 3, 10, 2, '2015-03-27 20:21:16'),
(3182, 3, 10, 1, '2015-05-18 19:24:16'),
(3183, 3, 10, 2, '2015-04-21 11:03:17'),
(3184, 3, 10, 2, '2015-02-26 17:50:17'),
(3185, 3, 10, 1, '2015-03-06 19:52:17'),
(3186, 3, 10, 1, '2015-03-09 09:50:17'),
(3187, 3, 10, 1, '2015-03-23 12:49:17'),
(3188, 3, 10, 1, '2015-05-28 19:54:17'),
(3189, 3, 10, 1, '2015-03-26 19:46:17'),
(3190, 3, 10, 1, '2015-07-15 12:01:17'),
(3191, 3, 10, 2, '2015-01-30 20:32:17'),
(3192, 3, 10, 1, '2015-06-28 11:12:17'),
(3193, 3, 10, 2, '2015-03-09 14:53:17'),
(3194, 3, 10, 2, '2015-05-06 20:06:17'),
(3195, 3, 10, 2, '2015-06-05 10:40:17'),
(3196, 3, 10, 2, '2015-02-03 19:04:17'),
(3197, 3, 10, 1, '2015-04-27 15:22:17'),
(3198, 3, 10, 2, '2015-04-08 14:58:17'),
(3199, 3, 10, 1, '2015-03-08 14:04:17'),
(3200, 3, 10, 2, '2015-07-13 16:48:17'),
(3201, 3, 10, 1, '2015-03-07 21:00:17'),
(3202, 3, 10, 1, '2015-07-14 18:06:17'),
(3203, 3, 10, 2, '2015-05-25 11:09:17'),
(3204, 3, 10, 2, '2015-06-13 10:31:17'),
(3205, 3, 10, 1, '2015-02-25 16:54:17'),
(3206, 3, 10, 2, '2015-05-07 18:55:17'),
(3207, 3, 10, 1, '2015-03-07 09:02:17'),
(3208, 3, 10, 1, '2015-06-08 10:39:17'),
(3209, 3, 10, 2, '2015-02-06 20:09:17'),
(3210, 3, 10, 2, '2015-03-08 16:15:17'),
(3211, 3, 10, 1, '2015-04-04 11:28:17'),
(3212, 3, 10, 1, '2015-02-22 15:37:17'),
(3213, 3, 10, 2, '2015-05-11 18:24:17'),
(3214, 3, 10, 1, '2015-07-06 09:54:17'),
(3215, 3, 10, 2, '2015-01-31 19:47:17'),
(3216, 3, 10, 2, '2015-02-27 12:26:17'),
(3217, 3, 10, 2, '2015-02-23 10:35:17'),
(3218, 3, 10, 2, '2015-05-12 10:32:17'),
(3219, 3, 10, 1, '2015-06-29 12:17:17'),
(3220, 3, 10, 1, '2015-06-11 14:44:17'),
(3221, 3, 10, 2, '2015-03-03 20:18:17'),
(3222, 3, 10, 2, '2015-07-10 19:52:17'),
(3223, 3, 10, 1, '2015-02-15 13:06:17'),
(3224, 3, 10, 2, '2015-03-04 18:40:17'),
(3225, 3, 10, 1, '2015-06-01 20:07:17'),
(3226, 3, 10, 2, '2015-03-21 18:58:17'),
(3227, 3, 10, 2, '2015-07-08 14:12:17'),
(3228, 3, 10, 1, '2015-04-21 11:23:17'),
(3229, 3, 10, 1, '2015-03-09 18:55:17'),
(3230, 3, 10, 1, '2015-02-08 19:50:17'),
(3231, 3, 10, 2, '2015-01-27 17:56:17'),
(3232, 3, 10, 1, '2015-04-15 10:26:17'),
(3233, 3, 10, 1, '2015-06-30 16:09:17'),
(3234, 3, 10, 2, '2015-02-17 15:46:17'),
(3235, 3, 10, 1, '2015-05-23 19:27:17'),
(3236, 3, 10, 1, '2015-04-18 10:04:17'),
(3237, 3, 10, 1, '2015-04-26 19:35:17'),
(3238, 3, 10, 1, '2015-03-30 09:08:17'),
(3239, 3, 10, 2, '2015-04-06 17:18:17'),
(3240, 3, 10, 2, '2015-03-27 13:12:17'),
(3241, 3, 10, 2, '2015-05-01 19:28:17'),
(3242, 3, 10, 1, '2015-02-28 15:22:17'),
(3243, 3, 10, 1, '2015-06-26 14:00:17'),
(3244, 3, 10, 2, '2015-02-05 19:01:17'),
(3245, 3, 10, 1, '2015-07-03 19:27:17'),
(3246, 3, 10, 2, '2015-05-20 18:01:17'),
(3247, 3, 10, 1, '2015-04-13 13:39:17'),
(3248, 3, 10, 2, '2015-05-17 19:31:17'),
(3249, 3, 10, 2, '2015-03-25 15:24:17'),
(3250, 3, 10, 2, '2015-03-21 15:27:17'),
(3251, 3, 10, 2, '2015-07-01 18:24:17'),
(3252, 3, 10, 2, '2015-06-14 13:08:17'),
(3253, 3, 10, 2, '2015-02-22 20:00:17'),
(3254, 3, 10, 2, '2015-03-20 20:33:17'),
(3255, 3, 10, 1, '2015-07-02 18:05:17'),
(3256, 3, 10, 2, '2015-06-12 16:51:17'),
(3257, 3, 10, 1, '2015-06-23 17:10:17'),
(3258, 3, 10, 2, '2015-04-22 19:38:17'),
(3259, 3, 10, 2, '2015-02-26 14:07:17'),
(3260, 3, 10, 1, '2015-04-01 17:20:17'),
(3261, 3, 10, 1, '2015-01-22 13:31:17'),
(3262, 3, 10, 2, '2015-06-29 19:29:17'),
(3263, 3, 10, 2, '2015-03-01 20:03:17'),
(3264, 3, 10, 2, '2015-05-23 15:53:17'),
(3265, 3, 10, 1, '2015-07-02 17:35:17'),
(3266, 3, 10, 1, '2015-05-30 14:29:17'),
(3267, 3, 10, 2, '2015-01-28 16:40:17'),
(3268, 3, 10, 1, '2015-01-31 18:32:17'),
(3269, 3, 10, 1, '2015-04-11 10:40:17'),
(3270, 3, 10, 2, '2015-03-25 11:04:17'),
(3271, 3, 10, 2, '2015-04-26 19:42:17'),
(3272, 3, 10, 1, '2015-03-28 13:17:17'),
(3273, 3, 10, 1, '2015-02-22 11:55:17'),
(3274, 3, 10, 1, '2015-06-24 16:55:17'),
(3275, 3, 10, 2, '2015-02-23 12:34:17'),
(3276, 3, 10, 2, '2015-07-04 12:46:17'),
(3277, 3, 10, 1, '2015-02-19 18:42:17'),
(3278, 3, 10, 2, '2015-04-07 20:06:17'),
(3279, 3, 10, 1, '2015-03-07 14:42:17'),
(3280, 3, 10, 2, '2015-04-15 14:33:17'),
(3281, 3, 10, 2, '2015-05-10 16:44:17'),
(3282, 3, 10, 2, '2015-04-15 12:49:17'),
(3283, 3, 10, 2, '2015-05-22 15:00:17'),
(3284, 3, 10, 2, '2015-06-30 12:44:17'),
(3285, 3, 10, 1, '2015-06-27 11:09:17'),
(3286, 3, 10, 1, '2015-06-23 16:47:17'),
(3287, 3, 10, 1, '2015-03-24 18:35:17'),
(3288, 3, 10, 1, '2015-05-17 11:39:17'),
(3289, 3, 10, 1, '2015-03-31 20:07:17'),
(3290, 3, 10, 2, '2015-02-28 18:43:17'),
(3291, 3, 10, 1, '2015-06-07 12:04:17'),
(3292, 3, 10, 2, '2015-03-21 20:48:17'),
(3293, 3, 10, 1, '2015-06-28 12:14:17'),
(3294, 3, 10, 1, '2015-05-11 09:31:17'),
(3295, 3, 10, 2, '2015-04-22 10:51:17'),
(3296, 3, 10, 2, '2015-05-01 19:10:17'),
(3297, 3, 10, 1, '2015-06-22 19:03:17'),
(3298, 3, 10, 2, '2015-05-24 11:15:17'),
(3299, 3, 10, 2, '2015-03-10 13:44:17'),
(3300, 3, 10, 2, '2015-02-26 14:47:17'),
(3301, 3, 10, 1, '2015-02-01 19:56:17'),
(3302, 3, 10, 1, '2015-06-09 09:06:17'),
(3303, 3, 10, 1, '2015-04-06 17:05:17'),
(3304, 3, 10, 1, '2015-02-05 14:25:17'),
(3305, 3, 10, 1, '2015-02-08 13:16:17'),
(3306, 3, 10, 1, '2015-04-18 11:20:17'),
(3307, 3, 10, 2, '2015-03-30 09:05:17'),
(3308, 3, 10, 1, '2015-03-10 12:03:17'),
(3309, 3, 10, 1, '2015-05-08 14:29:17'),
(3310, 3, 10, 2, '2015-05-10 16:16:17'),
(3311, 3, 10, 2, '2015-06-25 17:45:17'),
(3312, 3, 10, 2, '2015-04-14 16:49:17'),
(3313, 3, 10, 2, '2015-06-24 09:42:17'),
(3314, 3, 10, 1, '2015-02-10 19:35:17'),
(3315, 3, 10, 1, '2015-04-16 16:53:17'),
(3316, 3, 10, 1, '2015-03-15 13:02:17'),
(3317, 3, 10, 2, '2015-02-20 13:34:17'),
(3318, 3, 10, 1, '2015-02-14 15:04:17'),
(3319, 3, 10, 1, '2015-04-10 12:59:17'),
(3320, 3, 10, 1, '2015-04-01 14:29:17'),
(3321, 3, 10, 2, '2015-06-10 20:15:17'),
(3322, 3, 10, 2, '2015-06-08 16:32:17'),
(3323, 3, 10, 1, '2015-04-04 17:37:17'),
(3324, 3, 10, 2, '2015-05-04 09:42:17'),
(3325, 3, 10, 1, '2015-02-14 14:39:17'),
(3326, 3, 10, 1, '2015-02-13 17:37:17'),
(3327, 3, 10, 1, '2015-04-13 13:02:17'),
(3328, 3, 10, 2, '2015-05-24 18:18:17'),
(3329, 3, 10, 2, '2015-05-20 12:15:18'),
(3330, 3, 10, 1, '2015-07-05 11:25:18'),
(3331, 3, 10, 2, '2015-07-11 14:19:18'),
(3332, 3, 10, 2, '2015-05-27 19:01:18'),
(3333, 3, 10, 2, '2015-02-20 11:41:18'),
(3334, 3, 10, 2, '2015-02-23 15:01:18'),
(3335, 3, 10, 2, '2015-05-14 20:42:18'),
(3336, 3, 10, 2, '2015-06-23 12:39:18'),
(3337, 3, 10, 2, '2015-03-31 17:24:18'),
(3338, 3, 10, 2, '2015-05-26 13:10:18'),
(3339, 3, 10, 1, '2015-06-26 20:59:18'),
(3340, 3, 10, 1, '2015-05-04 09:35:18'),
(3341, 3, 10, 1, '2015-03-24 11:26:18'),
(3342, 3, 10, 1, '2015-04-21 10:54:18'),
(3343, 3, 10, 1, '2015-03-05 10:07:18'),
(3344, 3, 10, 2, '2015-04-03 12:29:18'),
(3345, 3, 10, 2, '2015-05-18 15:28:18'),
(3346, 3, 10, 2, '2015-04-27 14:42:18'),
(3347, 3, 10, 2, '2015-03-16 10:44:18'),
(3348, 3, 10, 2, '2015-06-24 10:54:18'),
(3349, 3, 10, 2, '2015-05-14 14:52:18'),
(3350, 3, 10, 1, '2015-04-21 16:55:18'),
(3351, 3, 10, 2, '2015-03-25 20:40:18'),
(3352, 3, 10, 2, '2015-05-13 18:39:18'),
(3353, 3, 10, 1, '2015-04-07 15:50:18'),
(3354, 3, 10, 1, '2015-05-08 15:49:18'),
(3355, 3, 10, 1, '2015-06-03 10:08:18'),
(3356, 3, 10, 2, '2015-02-27 11:56:18'),
(3357, 3, 10, 1, '2015-07-15 13:36:18'),
(3358, 3, 10, 2, '2015-07-11 17:15:18'),
(3359, 3, 10, 1, '2015-01-30 20:45:18'),
(3360, 3, 10, 1, '2015-05-12 15:09:18');

-- --------------------------------------------------------

--
-- Table structure for table `migration`
--

CREATE TABLE IF NOT EXISTS `migration` (
  `version` varchar(180) NOT NULL,
  `apply_time` int(11) DEFAULT NULL
) ENGINE=InnoDB DEFAULT CHARSET=latin1;

--
-- Dumping data for table `migration`
--

INSERT INTO `migration` (`version`, `apply_time`) VALUES
('m000000_000000_base', 1429586849),
('m130524_201442_init', 1429586852);

-- --------------------------------------------------------

--
-- Table structure for table `question`
--

CREATE TABLE IF NOT EXISTS `question` (
`id` int(11) NOT NULL,
  `user_id` int(11) NOT NULL,
  `date` datetime NOT NULL,
  `status` tinyint(2) NOT NULL,
  `question` text CHARACTER SET utf8 NOT NULL,
  `type` varchar(25) NOT NULL
) ENGINE=InnoDB  DEFAULT CHARSET=armscii8 AUTO_INCREMENT=12 ;

--
-- Dumping data for table `question`
--

INSERT INTO `question` (`id`, `user_id`, `date`, `status`, `question`, `type`) VALUES
(1, 2, '2015-04-21 12:39:15', 1, 'how are you?', 'office'),
(2, 1, '2015-04-21 12:40:01', 0, 'what your name?', 'global'),
(3, 1, '2015-04-21 12:40:20', 1, 'khe ko?', 'global'),
(4, 2, '2015-04-21 12:40:37', 0, 'ang lm g ?', 'office'),
(5, 2, '2015-04-21 12:44:32', 0, 'test ln 1', 'office'),
(6, 2, '2015-04-21 12:47:47', 0, 'hello', 'office'),
(7, 2, '2015-04-21 13:13:49', 0, 'tesst tip ln na', 'office'),
(8, 3, '2015-04-21 13:14:31', 1, 'cu hi ca admin 2!', 'office'),
(9, 2, '2015-04-21 13:14:53', 0, 'test thm ln na! :D', 'office'),
(10, 3, '2015-04-21 13:15:24', 0, 'cu hi th 2 ca admin2', 'office'),
(11, 2, '2015-04-21 13:18:36', 0, 'cau hoi admin1', 'office');

-- --------------------------------------------------------

--
-- Table structure for table `user`
--

CREATE TABLE IF NOT EXISTS `user` (
`id` int(11) NOT NULL,
  `username` varchar(255) COLLATE utf8_unicode_ci NOT NULL,
  `auth_key` varchar(32) COLLATE utf8_unicode_ci NOT NULL,
  `password_hash` varchar(255) COLLATE utf8_unicode_ci NOT NULL,
  `password_reset_token` varchar(255) COLLATE utf8_unicode_ci DEFAULT NULL,
  `email` varchar(255) COLLATE utf8_unicode_ci NOT NULL,
  `status` smallint(6) NOT NULL DEFAULT '10',
  `created_at` int(11) NOT NULL,
  `updated_at` int(11) NOT NULL
) ENGINE=InnoDB  DEFAULT CHARSET=utf8 COLLATE=utf8_unicode_ci AUTO_INCREMENT=23 ;

--
-- Dumping data for table `user`
--

INSERT INTO `user` (`id`, `username`, `auth_key`, `password_hash`, `password_reset_token`, `email`, `status`, `created_at`, `updated_at`) VALUES
(1, 'demo', 'DNue7n_a4vA-DJC0rKiMJ5DsmmyYO7OL', '$2y$13$gCKzyxup7BJTlzTxNATS4.pkbfCiUQsy3QQ6g5JEue2MZXi/l0Bse', NULL, 'demo@email.com', 10, 1429589053, 1429589053),
(2, 'admin', 'uZq0AJu96DvQ-E8jOIC_5TnxLN5WRw7J', '$2y$13$n6T67kAaPYmeIgqbaHHa7.mg/henjrGliaOZeF8QWyXEg98ix7NQK', NULL, 'admin@email.com', 10, 1429611998, 1429611998),
(3, 'admin2', 'FD3C6-WOXtSKqCq5TG1e-lQS69hEFeNa', '$2y$13$hNF6dwzhf3I1BsPkyXyreeujOk7ml6Kqh61Z.MOPhkq3uCWEUBgZe', NULL, 'admin2@email.com', 10, 1429614850, 1429614850),
(4, 'demo2', '86Gnb_wBF4JTI-evyKY1YTw_v2TdKXCy', '$2y$13$GKqKH5OqHG7qR2TnolRcY.HUuW7RNvSXQc0qcjMkO3FK36Q5L7qnm', NULL, '', 10, 1429683473, 1429683473),
(5, 'demo3', 'TAkniUAEhwZ_Ay2sxaXQOuOg2T1eEhv1', '$2y$13$7VfGc1xFc.OViQjKUixEb.lDsYQYuRGenteHAtVnP2XF17kiW.HEe', NULL, '', 10, 1429683800, 1429683800),
(6, '12345678888', 'EA8W6ADt3COs5FwVPX8kh02WZAKeui3n', '$2y$13$Zl9J8XX6gQSMNRYkA/xetea0mczFvIvYfEbqBEidEXMhHb.3f50yu', NULL, '', 10, 1429686014, 1429686014),
(7, '12345678', '6tVjHKB8G4Gi-MjF4_gSwrkkaJiTnuUx', '$2y$13$LfWbw50r8cCWo93e8NRkCu6ORFy4AtokJNJ8M45AAg.t5rIUBafyC', NULL, '', 10, 1429686817, 1429686817),
(8, 'cuong pro4', '1azfknDKDlI3_bApVgpN3xRj7vTxWoYd', '$2y$13$tYzbAZ2G8BeP7MEyyHyTsO9yorto3arjYpp2TxwbGlC2OQ.aBB4XG', NULL, '', 10, 1429687386, 1429687386),
(9, 'demo21', '6FPxM_kSkkG6WMil0e1d10pMvQvqxnjW', '$2y$13$RluNHcKa80gOQJUy1hAzVuura2MmFrbWDRyDataiWo4FogLUGS9Ju', NULL, '', 10, 1429688875, 1429688875),
(10, 'cuong1111', 'yj2ephZ976f5DzCJNCx-aqDy-y0H3Y7-', '$2y$13$2IWnz3C7WBfN.19DONJmy.ePI3O1/bftUl4z54q5s1tZusIX4TaNe', NULL, '', 10, 1429690572, 1429690572),
(11, 'sadsdasdada13213', 'NXsN7yz9qR8FkMt2ZotWhLqxkvvdg0rb', '$2y$13$b4WfsqYKmaNUrQmk1LdYqOSFvhdUKMxITVgNd2zBufpN27adsYXGK', NULL, '', 10, 1429691001, 1429691001),
(12, 'asdasdasd', 's8egzqzPaFoOAm_9TttmdhH_yfWH4jpP', '$2y$13$lNAjA2V.3h.s48nEbF8zHuORREJz6mkgq44p6zIOSzvp6YEum5ObS', NULL, '', 10, 1429691072, 1429691072),
(13, 'afasfafsdfdsf', 'aapL1VIsJP9nj2zVOMaaG_YIiIihkJCf', '$2y$13$rKY12jJ.BxF0M31u69a1RuaZqyruyP22RjDFND4XVjl7D1HKBtqje', NULL, '', 10, 1429691837, 1429691837),
(14, 'dsasdasd', 'HsLTiV8rpfY8VNcwxtS0m74NReDHhoFg', '$2y$13$NESl7SbLfsVNSJM9uk2Bu.ZiKVTue3T72CbulbfAAddU6qO/bY48m', NULL, '', 10, 1429691961, 1429691961),
(15, 'sfsdfdsf', 'YsD-TM0mdxUJlh99cCnGCce0UzjqVUHe', '$2y$13$.Q5NkXqoJQHPBIr.5Nil2OzYW735Bdso2cFkH0Omd3tP6l24zjF8y', NULL, '', 10, 1429692073, 1429692073),
(16, 'adadsdasdsadsadsad', 'dDZ52ERpj4N23erXueQZnGWSUE_-UkK0', '$2y$13$Qu2cI16kwhos.OI2ilDyOuW7HTlEXpjEzY5oPlG6XUI9EZwMQm3zi', NULL, '', 10, 1429692394, 1429692394),
(17, 'adasdasdasdasd', 'fpVUcCnXhnHrHY9I-ot3u5B-FeVpoa1Z', '$2y$13$cCXXUsVvSAOUyR8bjenHHOQNfJe2bYv3KHRtccbIGP/67Nr/j5yru', NULL, '', 10, 1429692467, 1429692467),
(18, 'adadasd', '-1o7AYpTjKj8417lzbcE8HrIj75gjiGD', '$2y$13$WVy.Hsmz6O7tfRVTKcEzRO1L1Z3rOR.KFSWj4ANVmdTOY6gMpQFwu', NULL, '', 10, 1429692537, 1429692537),
(19, 'dadadasd', 'zcAONbYpW-JzcIzWrYsVesTcFjpA_Y30', '$2y$13$CQsBaTnhOkM1kQFJGZP41OTjf2UpKVNWCGpOeDfJjC5VdDBTB.5WO', NULL, '', 10, 1429694221, 1429694221),
(20, 'sASas', 'GvJ6wiw2xAXDUziEAIBNhl5rHAwywIgm', '$2y$13$P8.Hc6d7fxkkMOoCb5QdaOXGGaj9yZx/yAv9uu4Vvc27qPromfMdi', NULL, '', 10, 1429695133, 1429695133),
(21, 'sadasdasd', '9GAiewEjOzJnDusn1fKkFsoeUEuaYBsl', '$2y$13$97v3Y2HHrGnbgpJcRmWBPeXwAFQJnMqgLkj7oKdImuAJ09/BykKu.', NULL, '', 10, 1429695263, 1429695263),
(22, 'adsdada', 'bamUTNmKdFDW7sxji6e25DU7O4rFi6yU', '$2y$13$VapHTipBfJBVx8y1hLPs0O5dIDzZsCo1gCQyjotwTgRTFcpK83i5i', NULL, '', 10, 1429695343, 1429695343);

--
-- Indexes for dumped tables
--

--
-- Indexes for table `answers`
--
ALTER TABLE `answers`
 ADD PRIMARY KEY (`id`), ADD KEY `office_id` (`office_id`), ADD KEY `question_id` (`question_id`);

--
-- Indexes for table `migration`
--
ALTER TABLE `migration`
 ADD PRIMARY KEY (`version`);

--
-- Indexes for table `question`
--
ALTER TABLE `question`
 ADD PRIMARY KEY (`id`), ADD KEY `user_id` (`user_id`);

--
-- Indexes for table `user`
--
ALTER TABLE `user`
 ADD PRIMARY KEY (`id`);

--
-- AUTO_INCREMENT for dumped tables
--

--
-- AUTO_INCREMENT for table `answers`
--
ALTER TABLE `answers`
MODIFY `id` int(11) NOT NULL AUTO_INCREMENT,AUTO_INCREMENT=3361;
--
-- AUTO_INCREMENT for table `question`
--
ALTER TABLE `question`
MODIFY `id` int(11) NOT NULL AUTO_INCREMENT,AUTO_INCREMENT=12;
--
-- AUTO_INCREMENT for table `user`
--
ALTER TABLE `user`
MODIFY `id` int(11) NOT NULL AUTO_INCREMENT,AUTO_INCREMENT=23;
--
-- Constraints for dumped tables
--

--
-- Constraints for table `answers`
--
ALTER TABLE `answers`
ADD CONSTRAINT `answers_ibfk_1` FOREIGN KEY (`office_id`) REFERENCES `user` (`id`),
ADD CONSTRAINT `answers_ibfk_2` FOREIGN KEY (`question_id`) REFERENCES `question` (`id`);

--
-- Constraints for table `question`
--
ALTER TABLE `question`
ADD CONSTRAINT `question_ibfk_1` FOREIGN KEY (`user_id`) REFERENCES `user` (`id`);

/*!40101 SET CHARACTER_SET_CLIENT=@OLD_CHARACTER_SET_CLIENT */;
/*!40101 SET CHARACTER_SET_RESULTS=@OLD_CHARACTER_SET_RESULTS */;
/*!40101 SET COLLATION_CONNECTION=@OLD_COLLATION_CONNECTION */;
